-- MySQL dump 10.13  Distrib 8.0.21, for Linux (x86_64)
--
-- Host: localhost    Database: vk
-- ------------------------------------------------------
-- Server version	8.0.21-0ubuntu0.20.04.4

/*!40101 SET @OLD_CHARACTER_SET_CLIENT=@@CHARACTER_SET_CLIENT */;
/*!40101 SET @OLD_CHARACTER_SET_RESULTS=@@CHARACTER_SET_RESULTS */;
/*!40101 SET @OLD_COLLATION_CONNECTION=@@COLLATION_CONNECTION */;
/*!50503 SET NAMES utf8mb4 */;
/*!40103 SET @OLD_TIME_ZONE=@@TIME_ZONE */;
/*!40103 SET TIME_ZONE='+00:00' */;
/*!40014 SET @OLD_UNIQUE_CHECKS=@@UNIQUE_CHECKS, UNIQUE_CHECKS=0 */;
/*!40014 SET @OLD_FOREIGN_KEY_CHECKS=@@FOREIGN_KEY_CHECKS, FOREIGN_KEY_CHECKS=0 */;
/*!40101 SET @OLD_SQL_MODE=@@SQL_MODE, SQL_MODE='NO_AUTO_VALUE_ON_ZERO' */;
/*!40111 SET @OLD_SQL_NOTES=@@SQL_NOTES, SQL_NOTES=0 */;

--
-- Table structure for table `cities`
--

DROP TABLE IF EXISTS `cities`;
/*!40101 SET @saved_cs_client     = @@character_set_client */;
/*!50503 SET character_set_client = utf8mb4 */;
CREATE TABLE `cities` (
  `id` int unsigned NOT NULL AUTO_INCREMENT COMMENT 'Идентификатор строки',
  `country_id` int unsigned NOT NULL COMMENT 'Идентификатор страны',
  `name` varchar(50) NOT NULL COMMENT 'Название города',
  `created_at` datetime DEFAULT CURRENT_TIMESTAMP COMMENT 'Время создания строки',
  `updated_at` datetime DEFAULT CURRENT_TIMESTAMP ON UPDATE CURRENT_TIMESTAMP COMMENT 'Время обновления строки',
  PRIMARY KEY (`id`),
  UNIQUE KEY `name` (`name`)
) ENGINE=InnoDB DEFAULT CHARSET=utf8mb4 COLLATE=utf8mb4_0900_ai_ci COMMENT='Список стран';
/*!40101 SET character_set_client = @saved_cs_client */;

--
-- Dumping data for table `cities`
--

LOCK TABLES `cities` WRITE;
/*!40000 ALTER TABLE `cities` DISABLE KEYS */;
/*!40000 ALTER TABLE `cities` ENABLE KEYS */;
UNLOCK TABLES;

--
-- Table structure for table `communities`
--

DROP TABLE IF EXISTS `communities`;
/*!40101 SET @saved_cs_client     = @@character_set_client */;
/*!50503 SET character_set_client = utf8mb4 */;
CREATE TABLE `communities` (
  `id` int unsigned NOT NULL AUTO_INCREMENT COMMENT 'Идентификатор сроки',
  `name` varchar(150) CHARACTER SET utf8 COLLATE utf8_unicode_ci NOT NULL COMMENT 'Название группы',
  `created_at` datetime DEFAULT CURRENT_TIMESTAMP COMMENT 'Время создания строки',
  `updated_at` datetime DEFAULT CURRENT_TIMESTAMP ON UPDATE CURRENT_TIMESTAMP COMMENT 'Время обновления строки',
  PRIMARY KEY (`id`),
  UNIQUE KEY `name` (`name`)
) ENGINE=InnoDB AUTO_INCREMENT=101 DEFAULT CHARSET=utf8 COLLATE=utf8_unicode_ci COMMENT='Группы';
/*!40101 SET character_set_client = @saved_cs_client */;

--
-- Dumping data for table `communities`
--

LOCK TABLES `communities` WRITE;
/*!40000 ALTER TABLE `communities` DISABLE KEYS */;
INSERT INTO `communities` VALUES (1,'ratione','1995-06-18 04:11:13','2005-11-24 06:49:06'),(2,'distinctio','1981-06-25 10:42:07','2019-06-11 12:41:14'),(3,'aut','1974-09-07 07:40:00','2000-09-05 08:07:59'),(4,'assumenda','2013-03-29 09:31:22','2004-05-11 17:16:51'),(5,'repudiandae','1996-06-05 13:03:01','1996-04-22 04:33:37'),(6,'quis','2014-08-14 06:39:06','1990-11-07 18:43:37'),(7,'quidem','1970-12-24 15:15:51','1992-06-15 10:57:18'),(8,'expedita','2019-07-11 09:39:26','1994-12-22 06:00:21'),(9,'quos','1975-06-25 07:32:02','2018-07-10 19:47:13'),(10,'et','2005-10-24 13:46:58','2005-12-13 18:50:57'),(11,'eum','2012-12-20 17:42:22','2014-08-30 11:15:24'),(12,'id','1998-01-05 03:52:41','1992-10-31 10:03:26'),(13,'nihil','2001-02-14 15:28:06','1975-06-19 23:42:02'),(14,'porro','1985-03-24 14:25:30','1989-12-10 22:29:03'),(15,'quia','1972-06-08 06:54:41','1981-04-24 10:00:55'),(16,'fuga','1982-07-21 12:25:20','1996-09-29 21:17:04'),(17,'tenetur','2013-09-07 08:46:11','1971-05-02 12:34:28'),(18,'atque','1978-07-22 20:43:02','1998-08-13 08:42:19'),(19,'est','2008-09-19 23:35:15','2007-09-04 15:20:46'),(20,'tempora','1997-12-19 03:29:47','2013-09-24 12:30:13'),(21,'occaecati','2018-03-01 14:04:22','1980-04-20 10:34:24'),(22,'in','1983-01-07 10:32:18','1991-04-24 10:55:11'),(23,'dolor','1993-06-16 02:25:42','2017-02-01 03:16:14'),(24,'voluptas','1989-05-23 09:24:38','2016-06-19 22:52:02'),(25,'ducimus','2015-05-02 08:38:16','2018-12-05 19:57:35'),(26,'exercitationem','1982-01-20 21:36:20','1998-02-23 07:35:20'),(27,'sequi','2019-08-22 04:17:15','1988-02-01 06:12:23'),(28,'eius','1999-12-24 11:50:11','1977-06-17 03:43:48'),(29,'voluptate','2010-06-15 05:31:35','2013-03-28 07:21:34'),(30,'cupiditate','2001-12-31 10:27:17','2008-06-04 14:27:42'),(31,'repellat','1981-07-29 09:48:01','2001-12-26 06:51:12'),(32,'perspiciatis','2003-10-22 07:14:09','1990-03-12 19:50:19'),(33,'deserunt','2005-12-13 05:21:03','2001-05-13 05:18:51'),(34,'ad','1973-05-03 21:30:20','2012-04-22 09:02:55'),(35,'accusantium','2012-02-29 12:13:09','2010-07-11 06:55:49'),(36,'libero','2020-08-11 16:14:39','2005-02-24 12:11:46'),(37,'explicabo','1971-10-24 15:28:07','1980-09-21 14:59:55'),(38,'laborum','2007-06-10 16:10:53','1987-03-13 14:47:04'),(39,'error','1977-06-28 22:17:32','2018-12-20 07:25:14'),(40,'deleniti','2002-10-04 06:16:48','1985-08-04 19:42:08'),(41,'facilis','1972-03-16 23:32:42','1990-08-20 18:22:26'),(42,'unde','2009-04-04 16:20:57','1986-08-10 14:18:38'),(43,'facere','1979-02-06 12:23:28','1999-06-21 07:12:28'),(44,'molestias','1998-04-23 07:08:37','2017-12-11 21:37:20'),(45,'dolorem','2015-04-02 18:24:00','1992-03-18 10:09:48'),(46,'nobis','2013-09-29 17:52:20','2017-07-15 23:02:00'),(47,'repellendus','2014-05-28 03:18:08','2001-03-14 13:31:07'),(48,'impedit','2012-10-22 21:02:58','1999-09-12 05:40:26'),(49,'ea','2007-11-05 20:01:51','2015-04-03 22:35:27'),(50,'eligendi','2016-07-04 11:49:17','1999-08-26 20:18:46'),(51,'sit','1987-05-15 03:54:56','1974-09-20 07:07:44'),(52,'eveniet','1978-06-14 04:30:44','2015-02-11 10:11:38'),(53,'illo','2010-05-24 17:15:54','1985-10-10 04:41:50'),(54,'temporibus','2014-03-24 16:32:32','2007-05-06 08:09:14'),(55,'dolores','1970-11-13 18:40:53','2011-11-11 05:11:51'),(56,'ut','2006-09-21 09:13:54','1996-07-02 14:43:33'),(57,'nisi','2018-05-18 01:49:16','1983-01-06 08:37:08'),(58,'ullam','2014-12-24 23:33:26','1977-10-15 12:32:37'),(59,'illum','2000-03-14 02:25:10','1988-05-29 15:45:51'),(60,'voluptatem','2008-09-01 06:20:02','2009-04-05 20:08:41'),(61,'quas','1980-03-20 03:54:02','2015-01-23 00:01:05'),(62,'pariatur','2005-07-12 20:35:04','2005-02-11 15:52:39'),(63,'ipsum','1976-01-28 03:27:55','2013-11-29 00:32:53'),(64,'excepturi','1971-01-28 06:32:23','1979-05-18 11:50:27'),(65,'nostrum','1991-07-20 13:30:49','1979-03-12 22:53:22'),(66,'iste','2002-06-10 19:38:53','1977-12-27 12:17:12'),(67,'nulla','1994-01-25 19:44:03','1972-04-07 01:09:37'),(68,'molestiae','2002-01-01 00:09:16','1977-07-01 11:23:15'),(69,'itaque','2018-08-19 22:38:01','2014-05-16 15:16:09'),(70,'consectetur','1992-03-30 06:25:43','2000-06-09 04:30:20'),(71,'consequatur','1979-10-07 06:56:11','1994-05-17 20:51:00'),(72,'aliquam','1970-07-16 13:10:13','1982-01-08 06:55:13'),(73,'similique','1988-08-14 11:39:57','1978-11-04 09:49:44'),(74,'inventore','1987-02-17 11:30:27','2016-02-08 14:20:34'),(75,'possimus','2004-07-19 15:53:05','1982-08-20 19:21:19'),(76,'a','2018-09-16 23:51:27','1992-10-02 05:52:00'),(77,'odit','1990-07-06 15:38:18','2020-04-03 15:43:56'),(78,'voluptatum','1977-11-26 06:48:03','1995-07-20 21:38:30'),(79,'placeat','2003-03-24 10:22:48','2004-11-05 15:07:27'),(80,'nesciunt','2010-01-15 20:12:14','2005-05-03 16:04:32'),(81,'hic','1977-02-23 09:24:34','2019-12-15 06:37:12'),(82,'aliquid','1970-04-04 22:31:58','1975-12-17 16:51:48'),(83,'quisquam','1977-12-27 02:25:05','1982-08-02 08:56:25'),(84,'fugiat','1979-02-14 23:56:17','1986-09-12 03:08:31'),(85,'enim','1996-06-30 11:49:08','2007-12-19 23:45:07'),(86,'qui','1971-07-27 02:37:30','2001-10-18 04:02:04'),(87,'omnis','2015-01-10 10:43:21','2012-08-12 14:09:21'),(88,'eos','1974-02-25 12:51:53','1986-04-15 12:51:33'),(89,'vel','1990-10-15 06:07:56','2005-06-25 10:44:41'),(90,'sunt','2010-06-20 15:09:50','1982-10-28 09:55:56'),(91,'tempore','1974-08-02 10:39:32','2017-04-19 03:56:29'),(92,'dolore','1986-02-11 15:12:20','1973-12-24 06:16:57'),(93,'magnam','1988-05-07 06:33:55','2019-02-01 14:01:44'),(94,'doloribus','2000-06-03 12:32:24','2004-03-24 08:12:50'),(95,'fugit','1970-10-17 14:01:59','1999-02-02 10:14:14'),(96,'provident','2011-07-19 22:47:19','2011-06-28 18:55:08'),(97,'at','2016-02-20 02:40:51','1987-08-24 01:44:51'),(98,'ipsam','1998-10-25 02:27:47','2003-08-01 20:19:16'),(99,'cum','1996-08-25 07:31:57','1990-08-19 02:49:57'),(100,'aperiam','2003-09-16 08:26:26','1991-12-01 16:28:42');
/*!40000 ALTER TABLE `communities` ENABLE KEYS */;
UNLOCK TABLES;

--
-- Table structure for table `communities_users`
--

DROP TABLE IF EXISTS `communities_users`;
/*!40101 SET @saved_cs_client     = @@character_set_client */;
/*!50503 SET character_set_client = utf8mb4 */;
CREATE TABLE `communities_users` (
  `community_id` int unsigned NOT NULL COMMENT 'Ссылка на группу',
  `user_id` int unsigned NOT NULL COMMENT 'Ссылка на пользователя',
  `created_at` datetime DEFAULT CURRENT_TIMESTAMP COMMENT 'Время создания строки',
  PRIMARY KEY (`community_id`,`user_id`) COMMENT 'Составной первичный ключ'
) ENGINE=InnoDB DEFAULT CHARSET=utf8 COLLATE=utf8_unicode_ci COMMENT='Участники групп, связь между пользователями и группами';
/*!40101 SET character_set_client = @saved_cs_client */;

--
-- Dumping data for table `communities_users`
--

LOCK TABLES `communities_users` WRITE;
/*!40000 ALTER TABLE `communities_users` DISABLE KEYS */;
INSERT INTO `communities_users` VALUES (1,1,'1993-04-08 04:30:58'),(2,2,'2002-06-10 21:21:08'),(3,3,'1999-09-21 14:58:51'),(4,4,'1992-12-27 04:39:22'),(5,5,'1995-04-22 15:47:13'),(6,6,'2017-06-14 11:12:14'),(7,7,'1970-12-26 19:37:48'),(8,8,'1999-11-24 07:58:34'),(9,9,'1990-04-16 09:56:30'),(10,10,'1980-12-15 17:40:20'),(11,11,'1985-11-08 07:53:34'),(12,12,'1978-09-10 21:51:11'),(13,13,'1973-12-06 15:15:22'),(14,14,'1980-04-26 22:40:35'),(15,15,'2015-10-14 15:08:52'),(16,16,'1979-12-22 13:13:01'),(17,17,'1974-07-04 13:44:01'),(18,18,'1988-05-28 13:31:28'),(19,19,'2016-02-08 23:15:08'),(20,20,'1989-04-08 08:55:51'),(21,21,'2014-02-14 19:47:46'),(22,22,'2017-02-08 00:48:00'),(23,23,'1972-08-26 13:10:16'),(24,24,'1970-10-24 19:56:52'),(25,25,'1970-06-18 09:40:20'),(26,26,'2011-11-21 23:41:08'),(27,27,'1993-08-09 18:30:25'),(28,28,'1999-01-29 02:08:13'),(29,29,'1996-07-06 21:21:02'),(30,30,'2015-05-06 22:16:04'),(31,31,'1980-08-26 00:11:23'),(32,32,'1992-02-22 23:22:15'),(33,33,'1973-02-05 09:53:24'),(34,34,'2002-07-30 00:41:35'),(35,35,'2001-02-14 22:38:22'),(36,36,'1990-06-28 04:55:11'),(37,37,'1977-10-07 20:17:44'),(38,38,'2015-07-06 13:55:15'),(39,39,'2005-05-26 09:48:04'),(40,40,'1990-10-27 05:34:21'),(41,41,'1974-07-01 13:43:57'),(42,42,'2015-10-24 19:18:44'),(43,43,'1974-08-28 15:42:27'),(44,44,'1987-05-10 04:59:25'),(45,45,'1972-04-07 09:14:49'),(46,46,'2020-01-04 07:47:55'),(47,47,'1993-04-30 04:01:22'),(48,48,'1987-03-12 15:53:40'),(49,49,'2001-08-10 00:20:21'),(50,50,'2002-05-26 12:24:47'),(51,51,'2018-08-17 06:08:24'),(52,52,'1974-08-31 23:02:31'),(53,53,'2019-10-27 16:12:48'),(54,54,'1972-12-12 00:50:41'),(55,55,'1977-03-24 23:49:39'),(56,56,'1980-02-13 06:40:39'),(57,57,'2008-06-07 14:28:20'),(58,58,'2004-09-12 09:51:57'),(59,59,'1982-06-02 02:56:59'),(60,60,'1998-11-16 07:42:29'),(61,61,'2013-02-19 22:52:40'),(62,62,'1989-08-27 00:54:02'),(63,63,'1990-05-10 05:30:28'),(64,64,'1984-02-18 23:16:16'),(65,65,'2009-07-28 21:25:38'),(66,66,'2000-11-06 20:42:23'),(67,67,'1981-01-02 19:27:42'),(68,68,'1994-11-14 01:20:51'),(69,69,'1982-02-06 09:47:51'),(70,70,'1998-06-11 21:56:03'),(71,71,'1996-07-01 20:59:27'),(72,72,'1980-05-26 17:53:14'),(73,73,'2003-06-04 21:15:50'),(74,74,'1971-12-26 06:40:53'),(75,75,'1999-05-25 17:16:55'),(76,76,'2000-12-11 10:35:26'),(77,77,'1973-04-29 01:45:17'),(78,78,'1974-01-11 07:35:19'),(79,79,'1987-11-02 02:00:53'),(80,80,'2004-09-16 21:10:58'),(81,81,'1971-11-07 23:10:27'),(82,82,'1978-04-08 20:56:32'),(83,83,'1984-08-31 15:52:19'),(84,84,'1970-08-18 05:00:33'),(85,85,'2012-01-14 21:11:41'),(86,86,'2015-05-11 22:29:40'),(87,87,'2005-11-30 07:12:55'),(88,88,'2009-04-05 16:19:01'),(89,89,'1985-11-27 01:26:45'),(90,90,'1975-03-04 17:21:36'),(91,91,'2011-08-24 01:15:46'),(92,92,'2019-01-31 02:41:19'),(93,93,'1983-04-21 17:53:29'),(94,94,'2008-01-18 12:56:28'),(95,95,'2018-12-28 01:48:35'),(96,96,'1985-10-05 18:53:42'),(97,97,'2001-11-14 21:40:56'),(98,98,'1972-10-06 21:38:37'),(99,99,'1976-07-30 15:49:04'),(100,100,'2019-04-24 06:58:58');
/*!40000 ALTER TABLE `communities_users` ENABLE KEYS */;
UNLOCK TABLES;

--
-- Table structure for table `countries`
--

DROP TABLE IF EXISTS `countries`;
/*!40101 SET @saved_cs_client     = @@character_set_client */;
/*!50503 SET character_set_client = utf8mb4 */;
CREATE TABLE `countries` (
  `id` int unsigned NOT NULL AUTO_INCREMENT COMMENT 'Идентификатор строки',
  `name` varchar(50) NOT NULL COMMENT 'Название страны',
  `created_at` datetime DEFAULT CURRENT_TIMESTAMP COMMENT 'Время создания строки',
  `updated_at` datetime DEFAULT CURRENT_TIMESTAMP ON UPDATE CURRENT_TIMESTAMP COMMENT 'Время обновления строки',
  PRIMARY KEY (`id`),
  UNIQUE KEY `name` (`name`)
) ENGINE=InnoDB DEFAULT CHARSET=utf8mb4 COLLATE=utf8mb4_0900_ai_ci COMMENT='Список стран';
/*!40101 SET character_set_client = @saved_cs_client */;

--
-- Dumping data for table `countries`
--

LOCK TABLES `countries` WRITE;
/*!40000 ALTER TABLE `countries` DISABLE KEYS */;
/*!40000 ALTER TABLE `countries` ENABLE KEYS */;
UNLOCK TABLES;

--
-- Table structure for table `friendship_statuses`
--

DROP TABLE IF EXISTS `friendship_statuses`;
/*!40101 SET @saved_cs_client     = @@character_set_client */;
/*!50503 SET character_set_client = utf8mb4 */;
CREATE TABLE `friendship_statuses` (
  `id` int unsigned NOT NULL AUTO_INCREMENT COMMENT 'Идентификатор строки',
  `name` varchar(150) CHARACTER SET utf8 COLLATE utf8_unicode_ci NOT NULL COMMENT 'Название статуса',
  `created_at` datetime DEFAULT CURRENT_TIMESTAMP COMMENT 'Время создания строки',
  `updated_at` datetime DEFAULT CURRENT_TIMESTAMP ON UPDATE CURRENT_TIMESTAMP COMMENT 'Время обновления строки',
  PRIMARY KEY (`id`),
  UNIQUE KEY `name` (`name`)
) ENGINE=InnoDB AUTO_INCREMENT=101 DEFAULT CHARSET=utf8 COLLATE=utf8_unicode_ci COMMENT='Статусы дружбы';
/*!40101 SET character_set_client = @saved_cs_client */;

--
-- Dumping data for table `friendship_statuses`
--

LOCK TABLES `friendship_statuses` WRITE;
/*!40000 ALTER TABLE `friendship_statuses` DISABLE KEYS */;
INSERT INTO `friendship_statuses` VALUES (1,'inventore','1984-06-19 04:29:20','1970-04-07 09:39:40'),(2,'libero','1971-10-18 21:45:32','2010-05-03 10:24:47'),(3,'iste','2014-01-24 13:41:42','2016-07-15 13:06:46'),(4,'sed','2007-07-15 16:51:24','2015-09-22 23:58:12'),(5,'animi','2006-07-23 13:58:36','2016-06-17 18:39:12'),(6,'non','1978-02-19 12:48:58','1990-02-25 04:06:32'),(7,'dolores','2001-08-01 13:39:44','1991-06-02 06:00:30'),(8,'ipsum','2011-11-16 18:43:27','1981-07-12 11:29:13'),(9,'officiis','2011-07-24 13:25:27','1988-03-24 15:46:59'),(10,'est','1984-09-10 02:05:36','1989-02-16 00:29:55'),(11,'ut','1980-06-18 06:06:59','1982-08-11 00:10:27'),(12,'mollitia','2017-03-08 05:06:15','2011-05-03 04:30:00'),(13,'reiciendis','1980-02-10 15:24:56','1975-09-20 07:16:31'),(14,'qui','1991-05-08 13:09:30','2000-10-03 20:48:10'),(15,'itaque','1982-04-03 11:33:25','1981-08-09 10:11:08'),(16,'optio','2004-07-18 05:07:43','2015-08-28 00:28:02'),(17,'omnis','1988-01-27 13:44:06','2013-05-16 19:54:29'),(18,'veniam','2016-07-23 20:20:33','1989-09-07 09:14:49'),(19,'veritatis','1979-08-19 04:56:11','2016-09-18 22:21:07'),(20,'repudiandae','2011-06-17 08:49:42','2017-03-02 01:35:03'),(21,'maiores','2007-06-13 10:36:55','2003-02-26 04:32:51'),(22,'at','2012-10-03 18:24:04','1978-08-27 07:48:00'),(23,'voluptas','2004-10-20 17:46:58','2016-12-04 14:51:17'),(24,'commodi','2004-05-15 11:00:59','1989-08-27 01:43:53'),(25,'cupiditate','1976-02-26 09:14:27','1978-08-09 05:18:57'),(26,'dicta','2019-07-12 11:02:59','2008-03-01 13:08:31'),(27,'aperiam','1993-03-30 01:17:42','1993-04-10 20:09:03'),(28,'et','1977-07-19 20:54:39','2015-03-05 19:51:15'),(29,'minima','1984-12-16 03:54:46','1995-05-20 13:26:47'),(30,'sint','2010-11-19 10:23:56','1980-02-27 07:53:21'),(31,'delectus','2007-11-30 02:44:04','1999-01-27 11:46:36'),(32,'sit','1970-05-11 16:23:30','2000-12-29 11:58:16'),(33,'excepturi','2006-09-16 17:34:15','1999-04-07 09:00:54'),(34,'praesentium','1988-10-03 10:36:13','2015-03-05 06:55:13'),(35,'aut','2010-10-17 12:39:50','1986-03-07 18:35:47'),(36,'quidem','1981-02-09 12:31:29','1974-03-13 21:35:31'),(37,'velit','1989-08-12 09:22:19','1985-12-12 10:22:06'),(38,'repellendus','1986-04-02 23:02:36','2000-04-21 23:27:31'),(39,'vero','1975-05-24 06:26:16','2008-12-17 06:13:39'),(40,'debitis','2000-07-27 17:21:59','2000-11-05 19:18:59'),(41,'quia','2019-09-03 22:58:06','2004-12-29 01:18:35'),(42,'voluptatum','1995-01-31 01:40:42','2000-02-20 14:40:51'),(43,'dolor','1996-10-29 10:24:15','2007-07-12 09:36:42'),(44,'iusto','2004-12-26 12:50:14','1976-05-03 00:09:45'),(45,'facilis','2015-04-17 11:03:50','2013-06-18 10:19:50'),(46,'exercitationem','1985-09-07 18:22:52','1995-09-15 09:08:54'),(47,'magnam','1982-11-20 04:23:19','1972-11-10 12:25:15'),(48,'id','1992-03-08 23:04:57','2018-10-10 14:17:52'),(49,'sunt','1991-05-19 06:47:09','2011-07-02 19:15:18'),(50,'voluptates','1996-11-01 16:49:04','1986-10-28 15:53:37'),(51,'maxime','1977-10-11 09:16:45','1999-06-25 12:03:08'),(52,'necessitatibus','2001-06-05 03:46:45','2019-04-13 03:35:26'),(53,'vitae','1995-02-08 22:04:54','1994-10-18 00:28:13'),(54,'deserunt','2018-04-15 08:34:23','2010-03-18 03:03:39'),(55,'rem','1992-10-17 18:12:45','1982-08-18 11:30:59'),(56,'consequatur','1983-05-26 16:06:52','1993-11-30 13:29:51'),(57,'dolorem','2006-05-05 06:00:14','2012-02-04 20:47:05'),(58,'sequi','1981-07-03 07:08:28','1993-12-23 07:38:39'),(59,'amet','1993-11-28 21:09:00','2000-05-18 21:30:00'),(60,'molestiae','2004-11-05 03:38:56','2020-01-29 21:12:43'),(61,'suscipit','2010-06-22 13:32:53','2019-07-22 10:34:15'),(62,'quo','2014-08-18 21:12:30','1976-02-27 11:51:52'),(63,'adipisci','1982-09-03 04:23:13','1999-10-07 19:25:20'),(64,'magni','2005-05-18 01:11:43','1985-07-16 18:56:35'),(65,'consequuntur','1973-06-11 12:52:50','1998-10-02 02:13:06'),(66,'asperiores','2004-03-16 01:42:16','1971-04-13 08:42:07'),(67,'enim','1978-10-01 12:35:57','1995-09-14 19:44:03'),(68,'laborum','1982-06-06 01:52:18','1995-08-26 10:55:31'),(69,'error','1995-09-21 15:37:03','2004-12-09 08:02:01'),(70,'deleniti','1974-08-10 19:55:45','1973-09-30 21:43:31'),(71,'dignissimos','2000-11-03 21:49:48','1986-10-08 07:14:11'),(72,'occaecati','1974-01-23 17:06:22','2008-11-13 16:55:05'),(73,'fuga','1981-11-16 07:38:45','1972-02-19 22:19:35'),(74,'eligendi','1990-03-22 21:02:47','1996-01-15 20:08:17'),(75,'laudantium','1974-12-04 18:32:03','2016-07-05 01:18:37'),(76,'voluptatem','2013-07-10 08:52:51','1977-07-25 09:17:40'),(77,'doloribus','2015-02-20 22:36:02','1989-09-24 15:33:14'),(78,'alias','2013-04-07 20:27:50','2010-12-12 23:55:44'),(79,'totam','1985-06-30 16:58:49','1971-10-23 08:00:13'),(80,'eum','2013-06-01 02:59:12','2019-02-03 12:40:26'),(81,'tenetur','1987-12-26 09:45:33','2007-12-02 20:40:28'),(82,'voluptatibus','1983-02-04 02:51:16','1999-02-20 19:03:10'),(83,'vel','2020-01-23 22:57:31','1983-09-03 17:14:20'),(84,'tempore','1981-12-23 03:33:56','1973-11-08 03:08:52'),(85,'porro','1972-01-26 13:21:21','2003-03-19 04:14:44'),(86,'nostrum','1997-07-05 04:50:39','1978-06-28 01:11:57'),(87,'ea','1984-08-20 07:51:58','2007-12-05 10:29:29'),(88,'nemo','2001-04-24 10:11:32','1980-07-31 09:59:28'),(89,'architecto','1980-08-24 03:59:19','1971-08-18 11:31:42'),(90,'aspernatur','1993-07-25 18:11:42','1974-08-01 19:46:25'),(91,'rerum','1990-02-26 02:23:36','2010-06-17 05:28:40'),(92,'ullam','2020-06-04 09:04:37','2006-03-24 04:53:16'),(93,'impedit','1983-05-02 17:37:12','1978-09-06 17:38:48'),(94,'voluptate','2013-11-04 07:34:04','2000-12-31 06:04:07'),(95,'iure','1984-11-25 12:35:49','1980-01-20 18:40:32'),(96,'molestias','1974-09-24 23:21:18','1987-03-15 17:02:38'),(97,'consectetur','2001-04-28 01:28:12','2007-04-24 01:33:53'),(98,'dolorum','1981-03-29 00:41:40','2017-07-14 15:15:01'),(99,'hic','1996-10-06 06:07:26','1984-05-06 19:39:56'),(100,'quisquam','2009-01-09 06:09:38','2006-09-13 02:53:32');
/*!40000 ALTER TABLE `friendship_statuses` ENABLE KEYS */;
UNLOCK TABLES;

--
-- Table structure for table `friendships`
--

DROP TABLE IF EXISTS `friendships`;
/*!40101 SET @saved_cs_client     = @@character_set_client */;
/*!50503 SET character_set_client = utf8mb4 */;
CREATE TABLE `friendships` (
  `user_id` int unsigned NOT NULL COMMENT 'Ссылка на инициатора дружеских отношений',
  `friend_id` int unsigned NOT NULL COMMENT 'Ссылка на получателя приглашения дружить',
  `status_id` int unsigned NOT NULL COMMENT 'Ссылка на статус (текущее состояние) отношений',
  `requested_at` datetime DEFAULT CURRENT_TIMESTAMP COMMENT 'Время отправления приглашения дружить',
  `confirmed_at` datetime DEFAULT NULL COMMENT 'Время подтверждения приглашения',
  `created_at` datetime DEFAULT CURRENT_TIMESTAMP COMMENT 'Время создания строки',
  `updated_at` datetime DEFAULT CURRENT_TIMESTAMP ON UPDATE CURRENT_TIMESTAMP COMMENT 'Время обновления строки',
  PRIMARY KEY (`user_id`,`friend_id`) COMMENT 'Составной первичный ключ'
) ENGINE=InnoDB DEFAULT CHARSET=utf8 COLLATE=utf8_unicode_ci COMMENT='Таблица дружбы';
/*!40101 SET character_set_client = @saved_cs_client */;

--
-- Dumping data for table `friendships`
--

LOCK TABLES `friendships` WRITE;
/*!40000 ALTER TABLE `friendships` DISABLE KEYS */;
INSERT INTO `friendships` VALUES (1,1,1,'1988-09-07 02:38:10','2007-05-06 16:39:30','1978-06-06 15:10:43','2001-03-08 15:38:50'),(2,2,2,'2018-03-28 04:01:00','2013-06-17 08:30:20','2018-09-15 14:25:57','1978-12-11 04:22:51'),(3,3,3,'1992-12-19 16:08:43','1990-05-01 02:38:00','1985-11-03 11:19:37','2006-05-11 18:44:29'),(4,4,4,'1997-12-04 19:27:48','2015-09-14 16:30:06','1992-06-21 14:16:35','1997-11-13 01:58:50'),(5,5,5,'1982-12-31 14:32:54','1983-03-28 09:49:37','1973-07-03 17:29:52','1990-03-28 23:48:43'),(6,6,6,'2005-04-27 21:53:07','2005-06-09 04:51:44','2019-05-15 05:04:26','1976-08-10 21:58:34'),(7,7,7,'2000-01-01 18:47:29','1984-05-28 09:17:06','2014-04-24 19:22:27','1985-08-10 12:02:05'),(8,8,8,'1984-06-16 05:29:44','1978-11-03 03:56:33','2010-12-31 17:37:00','1987-05-23 06:05:03'),(9,9,9,'1993-08-19 13:56:32','2011-12-09 09:54:22','2000-04-24 06:05:17','2013-04-15 16:31:23'),(10,10,10,'1995-04-03 05:10:10','2005-04-03 10:53:42','2008-07-16 20:27:01','1995-08-16 03:38:12'),(11,11,11,'1982-03-15 20:42:42','2008-12-20 04:47:31','2008-09-12 04:51:38','2017-03-13 07:08:22'),(12,12,12,'2018-02-07 14:58:45','2017-07-20 15:53:58','1983-05-03 15:58:04','1987-05-23 18:43:09'),(13,13,13,'1986-11-12 06:39:20','1971-03-10 20:16:09','1993-12-07 18:14:47','1982-01-08 07:45:52'),(14,14,14,'1979-04-22 16:01:48','2013-05-04 09:04:30','1991-01-16 13:08:54','1974-02-24 21:17:14'),(15,15,15,'2017-12-08 07:57:34','1994-06-27 09:21:52','2011-02-09 23:01:36','2008-03-07 06:50:35'),(16,16,16,'1981-01-19 01:49:35','1971-07-05 10:07:31','2004-02-09 17:53:08','2009-10-12 10:19:05'),(17,17,17,'2005-02-12 04:37:15','2004-12-05 11:03:35','1998-06-26 06:48:34','2018-03-03 13:04:17'),(18,18,18,'1990-02-26 07:41:04','1988-03-31 02:51:50','2004-07-27 06:38:47','2013-01-07 07:17:31'),(19,19,19,'1974-11-20 10:13:22','1990-03-31 13:01:15','2001-05-12 07:47:02','2013-03-01 19:37:04'),(20,20,20,'1998-12-31 11:02:26','1996-04-26 06:49:32','2009-03-31 01:11:26','1996-05-12 00:03:08'),(21,21,21,'1973-03-10 02:17:55','2006-07-08 13:45:13','1980-10-19 13:08:10','1988-08-15 14:17:17'),(22,22,22,'1984-08-20 05:53:56','2005-09-14 17:12:57','1991-05-25 23:19:21','1984-04-19 04:37:19'),(23,23,23,'1982-12-03 16:36:26','2011-06-01 23:55:36','1999-10-22 09:33:20','2014-10-05 21:00:25'),(24,24,24,'1977-08-26 22:01:48','1972-12-20 15:47:06','2016-01-13 07:17:22','1983-01-10 11:59:07'),(25,25,25,'2002-02-17 01:46:55','1999-01-08 03:43:40','2006-06-30 09:09:43','1978-03-12 22:04:46'),(26,26,26,'2015-06-24 23:43:04','1998-08-13 11:03:43','1976-12-04 03:12:17','1998-12-06 03:30:27'),(27,27,27,'1987-08-23 04:42:47','1990-12-22 23:27:52','1995-03-23 19:38:29','2009-10-23 08:17:03'),(28,28,28,'1989-11-02 21:49:26','1990-03-11 04:58:32','1999-07-23 22:44:38','1973-01-27 19:00:59'),(29,29,29,'2003-09-06 23:24:15','1985-10-26 08:27:03','2016-08-13 16:00:36','1998-06-05 22:23:59'),(30,30,30,'2018-10-21 01:33:10','2002-11-26 02:40:41','1983-12-04 09:55:26','1979-12-27 10:59:27'),(31,31,31,'1979-08-12 19:20:04','1979-11-05 03:22:59','2002-04-11 07:02:36','2019-07-26 05:20:36'),(32,32,32,'2020-07-04 19:15:05','1972-01-30 11:38:41','2016-01-29 08:39:20','1982-08-12 02:23:45'),(33,33,33,'1996-01-26 15:59:40','1983-02-24 09:48:16','1999-01-25 01:23:34','1971-08-16 20:22:06'),(34,34,34,'1996-01-29 20:36:23','1978-03-07 19:13:04','1995-05-17 12:12:47','2007-10-03 12:02:58'),(35,35,35,'2003-07-11 01:53:09','1970-10-02 09:49:49','2013-04-01 10:18:29','1994-06-23 09:27:26'),(36,36,36,'2001-09-09 10:02:47','2014-01-06 17:44:35','1981-03-25 17:31:25','2019-03-16 06:15:01'),(37,37,37,'1987-03-03 09:22:42','2017-01-17 16:46:39','2013-05-27 22:49:21','2014-02-19 21:50:09'),(38,38,38,'1982-06-29 03:42:27','1987-06-07 15:46:56','2006-11-24 06:13:39','1987-09-12 09:47:23'),(39,39,39,'1982-08-14 08:47:14','2016-11-11 00:13:20','1981-02-23 22:02:00','1987-10-24 05:26:57'),(40,40,40,'1977-05-14 21:41:22','2004-06-28 23:36:36','1997-09-10 07:08:06','2008-04-28 03:04:09'),(41,41,41,'1996-05-17 07:06:38','1991-09-04 13:56:57','2010-09-16 11:10:53','1980-01-16 17:53:42'),(42,42,42,'1991-02-03 21:54:46','1979-12-12 01:16:18','1984-10-29 01:26:00','1976-11-20 21:14:09'),(43,43,43,'2011-08-26 17:39:19','2013-11-02 06:22:20','2001-07-19 18:10:57','2010-10-13 15:28:41'),(44,44,44,'1993-08-04 22:20:21','2003-11-11 21:11:30','2007-06-13 21:41:13','1981-09-05 18:01:02'),(45,45,45,'1994-03-04 23:30:31','1991-02-23 11:03:14','1989-08-21 19:14:48','2011-12-31 13:18:23'),(46,46,46,'1992-01-20 07:36:28','1979-01-26 21:18:44','2012-09-29 11:28:00','1993-08-22 01:27:25'),(47,47,47,'2009-09-16 07:02:15','2005-08-05 19:45:49','1973-03-18 13:58:30','1975-09-07 16:01:20'),(48,48,48,'1981-01-25 16:31:49','1978-04-19 19:17:15','1989-05-02 19:21:52','1981-09-04 23:17:13'),(49,49,49,'1978-11-24 02:39:46','1971-11-23 01:09:14','2003-03-25 20:46:59','1977-07-26 02:16:31'),(50,50,50,'2020-04-12 17:43:24','2011-08-03 16:01:24','1984-01-09 16:35:57','1985-11-18 23:05:26'),(51,51,51,'1994-08-19 17:16:52','1989-01-10 07:10:50','1974-10-15 21:39:39','2004-03-17 00:09:32'),(52,52,52,'1974-12-11 00:15:10','1977-10-09 07:14:24','1975-02-20 05:46:30','1983-12-30 06:22:06'),(53,53,53,'1979-11-10 18:16:29','2018-02-23 01:14:01','1996-12-13 09:46:21','2017-11-08 13:05:44'),(54,54,54,'1975-08-14 04:09:08','1995-08-16 09:37:01','1990-05-19 11:14:52','2006-03-23 08:56:17'),(55,55,55,'1995-04-11 18:44:01','2017-02-05 19:05:10','1998-06-21 05:42:31','2007-03-12 00:39:02'),(56,56,56,'2018-12-06 21:57:26','2000-12-18 13:52:04','1990-11-12 22:12:00','2008-12-25 03:09:20'),(57,57,57,'2016-08-30 13:36:17','2017-10-07 11:47:13','1978-05-16 01:04:54','1979-06-14 00:36:43'),(58,58,58,'2002-09-10 20:50:49','1983-05-03 01:06:12','1982-09-13 17:36:35','1984-07-11 22:10:33'),(59,59,59,'1975-11-15 07:29:35','2017-01-27 07:35:39','1975-06-12 13:37:30','1978-03-25 17:59:15'),(60,60,60,'1971-07-10 03:35:58','2011-10-04 04:15:37','2003-01-12 04:46:15','2011-09-20 11:51:08'),(61,61,61,'1996-07-18 05:38:13','1988-07-08 20:02:47','2008-03-23 03:58:05','2010-12-11 08:23:14'),(62,62,62,'1983-06-13 23:43:49','2001-04-11 12:11:24','1986-08-01 05:10:37','1980-07-22 11:18:50'),(63,63,63,'2002-08-10 03:01:02','2014-07-23 02:35:26','1996-06-02 15:48:33','1978-07-25 16:07:53'),(64,64,64,'1984-04-21 23:39:13','2013-06-07 19:13:55','2005-11-18 01:06:22','2016-03-14 02:43:32'),(65,65,65,'1998-07-23 06:06:50','2006-11-13 23:29:30','1985-03-26 19:15:18','1985-02-06 05:10:34'),(66,66,66,'2007-10-20 09:29:55','1973-06-02 18:54:40','1981-10-01 02:25:03','2018-12-17 05:33:29'),(67,67,67,'2004-07-24 08:22:16','1995-11-24 16:27:22','2014-11-24 05:38:28','2008-08-06 19:28:06'),(68,68,68,'1997-08-06 12:13:15','2004-04-29 09:43:37','2017-10-23 17:32:29','2017-11-17 11:54:29'),(69,69,69,'2001-01-17 15:19:03','1981-04-30 19:53:15','1997-07-23 17:51:54','1987-06-25 21:45:27'),(70,70,70,'1985-01-21 09:04:36','1996-04-07 04:41:00','2020-07-19 06:07:26','1980-07-23 00:20:02'),(71,71,71,'1986-01-22 12:52:51','2019-08-15 06:22:39','1980-12-15 20:33:43','2017-03-26 17:08:20'),(72,72,72,'1986-07-04 07:38:39','2016-06-15 04:13:05','1973-11-01 15:28:33','1973-05-14 05:04:29'),(73,73,73,'2003-03-09 22:22:49','2010-02-05 20:02:51','1992-03-08 21:45:05','1970-09-15 10:14:32'),(74,74,74,'1983-08-22 11:10:18','1997-09-15 06:32:48','2001-05-21 00:07:23','2005-12-24 12:11:03'),(75,75,75,'1983-06-28 18:32:13','1993-12-21 07:10:33','2019-12-31 18:16:11','1999-04-24 09:47:55'),(76,76,76,'1978-07-07 13:33:30','2008-06-17 13:32:02','1974-10-22 08:35:54','1993-04-12 23:07:55'),(77,77,77,'2010-05-17 17:59:06','1996-12-15 06:34:13','1991-11-08 07:29:48','2018-04-10 14:31:15'),(78,78,78,'1982-02-26 17:48:56','1973-02-24 13:38:04','1978-04-15 16:03:22','2011-08-10 07:30:18'),(79,79,79,'2013-06-03 22:39:47','1995-02-13 05:28:11','2006-11-21 20:57:27','1989-04-08 22:42:18'),(80,80,80,'1989-07-28 22:36:20','1993-07-28 01:13:12','1998-08-26 05:04:07','2011-08-01 13:22:48'),(81,81,81,'1998-11-09 07:37:00','1983-03-17 01:25:24','2015-07-31 16:57:43','1994-09-28 00:32:09'),(82,82,82,'1975-04-29 16:15:02','2002-12-29 13:13:31','2005-10-08 11:05:33','1975-05-04 03:48:24'),(83,83,83,'1991-03-22 12:58:11','1977-07-30 23:43:00','1991-02-12 15:24:42','1981-11-25 07:33:33'),(84,84,84,'1978-09-07 01:43:14','2015-11-13 19:01:37','1999-03-11 12:27:10','1979-07-21 12:30:31'),(85,85,85,'1987-03-02 07:26:32','1978-05-12 01:38:53','1972-06-28 06:09:40','2001-01-02 22:46:18'),(86,86,86,'1983-04-14 04:41:20','1976-11-24 19:57:31','1992-10-31 19:41:21','1988-04-12 10:06:12'),(87,87,87,'1986-04-14 12:39:20','1992-12-14 19:30:15','2003-09-09 14:32:29','1996-01-05 06:59:57'),(88,88,88,'2003-08-01 13:03:00','1990-01-09 06:01:46','1977-01-14 23:51:14','2002-11-21 15:58:16'),(89,89,89,'1987-04-01 15:34:18','1987-06-14 10:58:09','2017-02-13 02:53:49','2015-09-25 06:45:02'),(90,90,90,'1996-07-18 15:46:06','2010-05-26 06:57:41','1990-12-01 06:25:52','2000-01-24 02:06:14'),(91,91,91,'2017-01-09 12:09:44','1979-09-02 10:29:55','1994-09-17 12:12:45','1981-07-07 21:22:56'),(92,92,92,'1988-09-02 01:29:34','2008-10-20 23:19:46','2007-07-13 07:28:27','1990-04-07 03:06:55'),(93,93,93,'1979-04-23 19:47:42','1976-12-13 04:36:03','1973-09-30 10:53:47','1987-03-09 02:14:42'),(94,94,94,'1986-04-27 18:50:15','1973-04-29 10:09:14','1973-11-19 02:56:38','2005-01-29 00:36:06'),(95,95,95,'1985-10-07 08:36:45','1994-04-06 07:42:22','2010-01-11 23:38:50','1993-07-29 09:36:30'),(96,96,96,'1981-11-10 23:43:44','1980-10-28 03:26:27','1997-04-16 08:20:33','1973-09-20 07:44:00'),(97,97,97,'2015-02-04 06:15:11','1981-10-24 22:29:45','1974-03-13 20:55:46','2011-06-28 04:12:04'),(98,98,98,'2015-10-07 06:03:36','2010-03-23 04:58:38','1979-05-22 10:30:47','2017-04-07 21:54:17'),(99,99,99,'2019-07-11 22:22:32','1982-11-15 15:26:38','1990-11-17 14:04:01','1976-10-15 05:07:30'),(100,100,100,'1996-09-21 08:13:33','2020-07-18 15:49:07','1989-02-13 10:31:31','2006-07-10 10:37:08');
/*!40000 ALTER TABLE `friendships` ENABLE KEYS */;
UNLOCK TABLES;

--
-- Table structure for table `media`
--

DROP TABLE IF EXISTS `media`;
/*!40101 SET @saved_cs_client     = @@character_set_client */;
/*!50503 SET character_set_client = utf8mb4 */;
CREATE TABLE `media` (
  `id` int unsigned NOT NULL AUTO_INCREMENT COMMENT 'Идентификатор строки',
  `user_id` int unsigned NOT NULL COMMENT 'Ссылка на пользователя, который загрузил файл',
  `filename` varchar(255) CHARACTER SET utf8 COLLATE utf8_unicode_ci NOT NULL COMMENT 'Путь к файлу',
  `size` int NOT NULL COMMENT 'Размер файла',
  `metadata` longtext CHARACTER SET utf8mb4 COLLATE utf8mb4_bin COMMENT 'Метаданные файла',
  `media_type_id` int unsigned NOT NULL COMMENT 'Ссылка на тип контента',
  `created_at` datetime DEFAULT CURRENT_TIMESTAMP COMMENT 'Время создания строки',
  `updated_at` datetime DEFAULT CURRENT_TIMESTAMP ON UPDATE CURRENT_TIMESTAMP COMMENT 'Время обновления строки',
  PRIMARY KEY (`id`),
  CONSTRAINT `media_chk_1` CHECK (json_valid(`metadata`))
) ENGINE=InnoDB AUTO_INCREMENT=101 DEFAULT CHARSET=utf8 COLLATE=utf8_unicode_ci COMMENT='Медиафайлы';
/*!40101 SET character_set_client = @saved_cs_client */;

--
-- Dumping data for table `media`
--

LOCK TABLES `media` WRITE;
/*!40000 ALTER TABLE `media` DISABLE KEYS */;
INSERT INTO `media` VALUES (1,1,'ex',149290703,NULL,1,'1972-05-30 11:40:45','1987-12-24 20:32:27'),(2,2,'ullam',1,NULL,2,'1978-12-28 11:18:09','1986-08-23 08:11:24'),(3,3,'at',676,NULL,3,'2005-04-24 19:10:59','1979-12-23 08:34:22'),(4,4,'laboriosam',8636,NULL,4,'1993-06-20 11:46:56','2000-08-11 07:46:28'),(5,5,'nisi',296,NULL,5,'2019-02-03 12:13:19','2005-07-31 19:23:21'),(6,6,'quis',793649,NULL,6,'2015-10-17 21:38:07','2019-01-07 12:28:16'),(7,7,'beatae',4489480,NULL,7,'2009-10-05 02:42:54','1981-11-22 07:58:44'),(8,8,'ab',4485,NULL,8,'1992-08-03 17:03:04','1990-04-29 16:31:02'),(9,9,'dolore',76109611,NULL,9,'1985-05-18 02:43:13','2014-05-26 20:36:46'),(10,10,'consequatur',0,NULL,10,'2013-08-22 17:35:23','1970-02-11 06:42:05'),(11,11,'rerum',9,NULL,11,'1999-03-29 17:49:18','1977-11-22 19:37:47'),(12,12,'error',6176,NULL,12,'1971-11-30 11:04:58','1983-05-06 11:37:01'),(13,13,'aut',164716,NULL,13,'2000-06-25 04:58:41','1979-05-27 12:55:32'),(14,14,'quo',24,NULL,14,'2006-10-20 16:58:41','1980-01-30 01:46:13'),(15,15,'iste',458,NULL,15,'2012-03-25 22:38:06','2015-04-07 12:31:33'),(16,16,'error',142,NULL,16,'2004-12-07 18:50:06','1974-11-19 02:44:22'),(17,17,'quae',46167,NULL,17,'2019-07-15 10:54:21','2015-02-08 21:10:59'),(18,18,'debitis',686338,NULL,18,'1982-04-10 02:44:50','1974-10-29 02:41:58'),(19,19,'voluptas',9538,NULL,19,'2016-12-29 09:21:13','1974-07-20 10:16:41'),(20,20,'eveniet',19777356,NULL,20,'1999-08-12 16:57:51','1978-02-18 21:48:15'),(21,21,'odio',6309,NULL,21,'1987-09-30 07:54:29','1995-01-28 04:08:29'),(22,22,'pariatur',3,NULL,22,'2016-10-09 23:35:25','2009-05-14 22:32:04'),(23,23,'sed',0,NULL,23,'2019-05-28 13:05:35','1978-07-29 09:01:40'),(24,24,'aliquam',368574,NULL,24,'1975-10-04 14:49:52','2018-09-10 17:16:21'),(25,25,'atque',864,NULL,25,'1978-06-17 09:44:17','2009-06-09 16:04:38'),(26,26,'qui',483,NULL,26,'2006-10-10 19:47:21','2010-06-28 07:05:57'),(27,27,'voluptas',132912,NULL,27,'1989-05-27 03:53:37','2007-01-25 03:54:51'),(28,28,'magni',1998,NULL,28,'1970-12-05 10:25:34','2016-02-12 06:54:39'),(29,29,'quisquam',145401510,NULL,29,'2019-03-26 23:41:49','2004-08-04 19:29:13'),(30,30,'nihil',8742574,NULL,30,'2019-10-19 11:40:17','1992-11-09 05:17:08'),(31,31,'esse',810,NULL,31,'1972-03-07 13:54:36','1993-06-16 22:00:42'),(32,32,'nemo',35129,NULL,32,'2001-02-08 11:01:45','2013-10-02 10:18:19'),(33,33,'perspiciatis',425202,NULL,33,'1990-05-22 00:04:11','2019-05-06 15:10:09'),(34,34,'possimus',40488,NULL,34,'1997-12-19 20:38:56','2018-03-07 12:06:46'),(35,35,'aut',54844843,NULL,35,'2001-04-13 10:31:23','1992-03-29 10:48:23'),(36,36,'esse',1,NULL,36,'2003-08-03 06:28:08','2004-01-20 18:14:03'),(37,37,'amet',4722,NULL,37,'1988-05-27 02:36:49','2016-02-07 15:46:48'),(38,38,'dolorum',8,NULL,38,'2014-05-04 20:11:15','1994-07-19 05:18:03'),(39,39,'quam',63,NULL,39,'1989-04-18 04:30:14','1997-01-02 11:54:40'),(40,40,'hic',6369,NULL,40,'2011-04-29 07:31:31','1981-05-15 21:24:47'),(41,41,'inventore',830078,NULL,41,'1975-10-08 04:03:43','1991-07-13 20:02:43'),(42,42,'odit',5,NULL,42,'1992-09-27 13:03:03','1996-12-16 16:44:56'),(43,43,'consequatur',264762,NULL,43,'1982-12-22 02:56:28','1972-08-14 09:15:26'),(44,44,'et',3,NULL,44,'1977-01-19 11:59:57','1972-05-07 23:00:21'),(45,45,'aliquid',514,NULL,45,'2010-06-27 04:07:38','1973-08-08 10:44:08'),(46,46,'molestiae',75,NULL,46,'2008-06-12 23:10:59','2020-07-15 14:40:18'),(47,47,'animi',99579,NULL,47,'1988-12-25 04:07:12','1998-07-22 01:28:19'),(48,48,'sequi',494487,NULL,48,'1988-11-12 15:24:35','1994-02-18 02:49:53'),(49,49,'quis',0,NULL,49,'2013-06-08 00:06:51','2007-07-29 13:19:26'),(50,50,'recusandae',216270667,NULL,50,'2003-07-10 15:14:16','1986-11-09 13:56:08'),(51,51,'ab',5669,NULL,51,'1990-11-18 02:23:17','1973-12-16 19:32:40'),(52,52,'aut',9683,NULL,52,'1991-10-31 21:37:31','1979-08-20 16:46:10'),(53,53,'unde',2256,NULL,53,'1972-05-31 06:34:26','1997-07-02 07:48:08'),(54,54,'itaque',2722665,NULL,54,'1973-05-11 17:53:55','1974-12-10 18:32:23'),(55,55,'sint',21617,NULL,55,'1996-02-02 22:02:06','1995-02-07 21:58:28'),(56,56,'et',59230019,NULL,56,'1972-01-20 19:00:16','1978-03-25 21:49:01'),(57,57,'vel',0,NULL,57,'2001-02-12 22:38:41','1983-05-09 20:18:14'),(58,58,'ad',0,NULL,58,'1995-12-25 15:39:34','1988-04-17 07:17:50'),(59,59,'expedita',9,NULL,59,'1982-02-16 11:32:32','1982-06-30 11:09:42'),(60,60,'voluptas',9,NULL,60,'2011-07-30 09:56:13','1997-07-08 19:37:29'),(61,61,'praesentium',594,NULL,61,'1984-02-17 08:49:48','1992-01-31 18:59:52'),(62,62,'ipsum',277,NULL,62,'1993-11-23 12:24:20','1976-02-19 12:53:08'),(63,63,'atque',6450,NULL,63,'1973-10-08 16:32:46','1973-02-26 09:25:08'),(64,64,'qui',0,NULL,64,'2008-07-10 03:11:57','1993-11-11 11:42:41'),(65,65,'ad',71,NULL,65,'1971-04-18 21:37:21','1995-09-08 08:08:09'),(66,66,'voluptatem',0,NULL,66,'1974-06-13 18:18:01','1975-12-07 07:43:33'),(67,67,'ut',8,NULL,67,'2013-07-16 01:18:24','1975-06-13 12:21:30'),(68,68,'quia',2927,NULL,68,'1980-07-17 21:14:04','1976-10-24 17:27:51'),(69,69,'non',282852,NULL,69,'1984-11-10 12:14:21','1994-12-28 08:43:23'),(70,70,'soluta',498,NULL,70,'1989-01-20 22:49:05','1981-10-15 06:27:31'),(71,71,'sit',15675393,NULL,71,'1994-04-16 11:29:14','1985-04-05 14:13:49'),(72,72,'voluptatem',818,NULL,72,'1998-11-04 17:37:28','1984-11-05 09:59:46'),(73,73,'quo',89,NULL,73,'1972-08-04 11:06:47','1991-02-08 07:01:09'),(74,74,'voluptatem',317825,NULL,74,'1979-07-17 19:58:52','1992-01-13 20:37:33'),(75,75,'sit',37833,NULL,75,'1976-06-14 23:58:22','1989-10-03 14:49:40'),(76,76,'dicta',22005166,NULL,76,'2016-01-08 17:41:22','1993-12-19 10:08:48'),(77,77,'quis',531,NULL,77,'1998-04-10 08:58:31','1989-12-27 16:36:15'),(78,78,'temporibus',72,NULL,78,'2011-08-30 14:56:17','2007-08-02 21:15:49'),(79,79,'est',253,NULL,79,'2001-04-30 04:17:08','1990-09-30 17:57:35'),(80,80,'tempore',3479958,NULL,80,'2014-07-15 12:24:49','2002-01-12 04:11:24'),(81,81,'quas',368789617,NULL,81,'1978-10-22 09:41:57','1984-05-04 02:06:49'),(82,82,'sunt',2736494,NULL,82,'2005-05-03 06:36:08','2017-06-13 03:59:28'),(83,83,'dolorem',2675954,NULL,83,'2011-09-15 14:37:09','2011-04-21 18:20:28'),(84,84,'maxime',7123948,NULL,84,'2009-09-13 22:39:54','1980-03-14 22:25:23'),(85,85,'enim',859675614,NULL,85,'1995-10-03 01:15:35','1999-01-01 21:31:50'),(86,86,'necessitatibus',6182,NULL,86,'1973-12-03 04:31:02','1980-02-13 23:13:10'),(87,87,'a',7408,NULL,87,'2015-08-31 19:50:08','2003-08-04 03:00:18'),(88,88,'similique',640422,NULL,88,'1991-04-02 02:12:40','2012-11-03 02:09:30'),(89,89,'voluptatem',0,NULL,89,'2009-10-20 05:55:13','1970-10-06 09:14:33'),(90,90,'omnis',509781439,NULL,90,'1982-12-27 08:48:58','2000-07-22 01:02:41'),(91,91,'accusantium',907121,NULL,91,'2010-11-17 12:03:23','1987-09-30 03:33:11'),(92,92,'deserunt',0,NULL,92,'2010-01-25 08:16:41','1979-06-26 11:50:35'),(93,93,'error',89078,NULL,93,'2016-01-13 10:28:22','2020-09-19 23:07:32'),(94,94,'doloribus',96031,NULL,94,'2013-07-26 08:04:11','1994-04-11 00:34:08'),(95,95,'ab',63065247,NULL,95,'2014-08-17 08:07:11','1994-09-01 04:20:11'),(96,96,'ipsam',79034194,NULL,96,'1999-07-13 23:19:10','2016-04-15 12:07:54'),(97,97,'repellendus',798156089,NULL,97,'1974-05-28 00:00:23','1970-12-02 00:04:45'),(98,98,'sunt',704,NULL,98,'2014-09-13 22:02:09','1981-04-18 01:41:24'),(99,99,'numquam',60304195,NULL,99,'1974-05-05 05:18:01','2009-02-28 05:33:32'),(100,100,'odit',0,NULL,100,'1981-05-12 18:33:31','1989-12-12 08:56:21');
/*!40000 ALTER TABLE `media` ENABLE KEYS */;
UNLOCK TABLES;

--
-- Table structure for table `media_types`
--

DROP TABLE IF EXISTS `media_types`;
/*!40101 SET @saved_cs_client     = @@character_set_client */;
/*!50503 SET character_set_client = utf8mb4 */;
CREATE TABLE `media_types` (
  `id` int unsigned NOT NULL AUTO_INCREMENT COMMENT 'Идентификатор строки',
  `name` varchar(255) CHARACTER SET utf8 COLLATE utf8_unicode_ci NOT NULL COMMENT 'Название типа',
  `created_at` datetime DEFAULT CURRENT_TIMESTAMP COMMENT 'Время создания строки',
  `updated_at` datetime DEFAULT CURRENT_TIMESTAMP ON UPDATE CURRENT_TIMESTAMP COMMENT 'Время обновления строки',
  PRIMARY KEY (`id`),
  UNIQUE KEY `name` (`name`)
) ENGINE=InnoDB AUTO_INCREMENT=101 DEFAULT CHARSET=utf8 COLLATE=utf8_unicode_ci COMMENT='Типы медиафайлов';
/*!40101 SET character_set_client = @saved_cs_client */;

--
-- Dumping data for table `media_types`
--

LOCK TABLES `media_types` WRITE;
/*!40000 ALTER TABLE `media_types` DISABLE KEYS */;
INSERT INTO `media_types` VALUES (1,'animi','1987-03-01 10:53:26','1976-05-30 23:56:17'),(2,'autem','1983-06-25 10:13:25','2018-02-06 12:26:23'),(3,'non','2020-09-01 05:34:01','2007-11-12 19:44:42'),(4,'aperiam','1995-12-30 07:09:21','2018-11-11 02:06:50'),(5,'voluptatem','1995-06-06 07:03:03','1974-02-02 02:57:38'),(6,'impedit','1989-02-23 11:13:32','1980-09-06 02:21:16'),(7,'quam','1980-03-25 20:46:20','2010-08-25 11:31:16'),(8,'voluptate','2018-12-10 13:19:49','2012-05-15 03:56:50'),(9,'fugit','1989-05-05 16:35:42','2010-09-29 07:46:09'),(10,'facere','1977-11-07 01:46:28','1976-08-13 21:56:27'),(11,'numquam','1973-09-26 18:12:40','2005-12-03 05:36:04'),(12,'voluptatum','2016-02-12 02:49:33','1986-05-15 10:27:10'),(13,'et','1989-04-18 10:09:41','1996-09-15 22:02:36'),(14,'esse','1971-10-14 21:00:20','1986-06-09 10:13:16'),(15,'voluptates','2017-11-04 07:40:33','1983-05-18 16:24:08'),(16,'atque','1987-03-09 14:59:50','2011-07-27 13:56:57'),(17,'neque','1994-09-04 00:36:05','1983-10-31 21:46:46'),(18,'eos','1998-07-20 06:47:42','1975-03-12 18:15:34'),(19,'quaerat','1980-11-14 19:36:25','1988-10-27 21:25:12'),(20,'aliquam','1996-03-09 02:11:19','2016-03-14 03:21:15'),(21,'nam','1972-01-02 19:26:34','2010-12-20 10:06:47'),(22,'placeat','1978-10-05 19:30:13','1998-03-07 14:54:42'),(23,'molestias','1986-07-15 08:01:36','1977-03-11 06:54:21'),(24,'sit','1974-11-04 05:38:53','1998-08-14 17:15:55'),(25,'nihil','2018-01-07 12:40:07','1974-04-27 20:53:06'),(26,'itaque','1971-05-04 06:51:54','1980-10-30 00:52:00'),(27,'enim','1997-06-28 08:51:57','1976-08-15 18:35:21'),(28,'laudantium','2010-08-30 04:11:02','2005-06-23 02:18:10'),(29,'corrupti','1987-03-20 15:03:14','1974-04-12 04:17:33'),(30,'ut','1989-12-18 02:20:40','2017-07-28 19:26:08'),(31,'incidunt','1986-12-02 14:52:36','2003-03-21 00:20:02'),(32,'odio','2020-05-29 11:08:14','1982-10-24 16:56:00'),(33,'recusandae','2003-04-07 13:34:22','2015-11-12 08:56:47'),(34,'eius','1974-10-25 07:13:20','2001-04-23 16:41:28'),(35,'velit','2013-03-30 09:25:50','1978-05-24 15:54:50'),(36,'eum','1983-07-06 07:55:24','1990-09-17 05:52:25'),(37,'error','1997-02-01 07:29:14','2003-04-06 20:32:48'),(38,'libero','2013-09-12 14:49:07','1974-04-08 02:41:02'),(39,'vero','2005-10-01 05:24:54','1983-02-16 11:10:06'),(40,'minima','1974-05-15 20:04:02','2007-12-31 08:27:16'),(41,'voluptas','1980-05-05 05:48:49','1973-10-27 08:43:06'),(42,'alias','2017-05-31 00:29:48','1983-02-08 02:13:44'),(43,'fugiat','1999-05-13 22:19:52','2018-06-03 21:27:24'),(44,'nisi','1977-04-14 08:53:10','1975-04-14 05:17:20'),(45,'quidem','2000-05-22 08:49:09','1987-09-26 19:36:18'),(46,'ipsam','2013-12-14 16:04:26','2015-12-22 21:25:24'),(47,'omnis','2020-05-12 10:42:52','1975-04-01 19:18:11'),(48,'at','2018-07-02 14:49:16','2008-07-16 15:14:42'),(49,'aut','2011-06-13 08:26:13','2002-08-07 22:50:37'),(50,'quos','2004-11-30 07:57:43','2010-05-17 22:34:40'),(51,'magni','1972-04-03 18:52:25','1970-08-20 09:17:11'),(52,'debitis','1991-05-10 07:01:40','1988-04-01 02:41:19'),(53,'quia','1998-12-02 07:23:45','1990-07-04 03:59:22'),(54,'iste','1974-11-28 19:10:27','2014-11-29 13:03:54'),(55,'pariatur','1982-08-24 18:59:58','2004-10-23 04:15:33'),(56,'ducimus','1974-10-28 05:32:36','2017-10-13 05:44:15'),(57,'expedita','1991-11-01 09:19:52','2004-08-15 13:53:41'),(58,'dolorum','1980-04-22 09:57:15','2019-07-17 04:07:23'),(59,'dignissimos','1999-08-12 17:04:15','2017-03-19 12:02:19'),(60,'eveniet','1994-11-09 02:35:28','1986-01-20 16:16:23'),(61,'nobis','1982-10-16 03:57:09','1975-08-10 04:42:57'),(62,'ex','1979-04-24 09:23:07','2008-12-31 10:03:13'),(63,'quas','1986-07-16 23:17:47','2005-07-27 12:20:42'),(64,'dolores','2006-02-26 13:02:40','1989-08-06 06:38:59'),(65,'maiores','2016-06-11 13:47:11','1994-03-13 22:03:44'),(66,'in','2000-07-01 02:42:26','1992-10-04 20:12:32'),(67,'molestiae','1977-07-09 07:39:53','1993-08-11 03:37:39'),(68,'sequi','1973-12-28 23:45:33','1990-12-10 11:30:35'),(69,'earum','1992-02-28 14:08:09','2010-08-05 09:50:06'),(70,'rem','2016-03-13 09:17:32','2018-09-05 23:10:59'),(71,'ullam','1971-02-15 15:09:41','2018-03-02 00:20:25'),(72,'eligendi','2020-08-25 18:13:31','1996-07-07 11:46:08'),(73,'possimus','1977-10-09 06:27:32','2009-02-10 11:51:49'),(74,'veniam','1991-02-08 04:49:18','1970-07-25 17:43:11'),(75,'cupiditate','1971-08-20 02:41:53','2017-10-27 13:40:18'),(76,'natus','1987-05-16 04:37:01','1988-05-20 12:09:16'),(77,'reiciendis','1994-03-22 10:05:52','2014-07-07 04:45:29'),(78,'sapiente','2012-10-26 21:02:48','1971-04-20 19:32:16'),(79,'doloremque','1983-05-08 19:25:29','1972-03-21 01:14:45'),(80,'sed','2005-06-26 08:29:14','1979-12-08 12:31:44'),(81,'quisquam','1974-11-30 19:10:10','1994-01-07 20:45:01'),(82,'modi','1972-10-22 22:10:36','2007-04-06 23:46:46'),(83,'qui','1991-03-06 11:15:03','1979-02-19 13:42:40'),(84,'laboriosam','1979-02-02 10:27:57','1998-11-15 02:05:08'),(85,'est','2004-06-20 08:28:46','1995-05-01 14:53:00'),(86,'voluptatibus','1985-02-21 08:18:40','2010-02-26 05:17:44'),(87,'consequatur','1996-02-18 05:08:35','2010-08-16 05:15:00'),(88,'rerum','2011-04-17 11:01:05','1994-10-04 21:40:46'),(89,'sunt','1990-09-16 01:10:30','1994-07-21 05:23:50'),(90,'praesentium','2001-01-12 22:57:36','2018-12-12 13:59:35'),(91,'asperiores','2007-02-19 09:29:53','2019-05-26 03:26:58'),(92,'repellendus','1992-07-02 05:55:29','2004-10-29 07:30:49'),(93,'quis','1970-03-01 21:13:49','2011-07-20 16:35:19'),(94,'mollitia','1984-12-09 22:55:55','1983-03-06 03:41:50'),(95,'consectetur','2001-08-27 12:22:27','1980-10-29 00:12:04'),(96,'nostrum','1973-08-31 09:54:00','1994-04-12 21:06:02'),(97,'dicta','1994-11-05 01:47:22','1975-12-17 12:41:30'),(98,'nulla','2003-12-27 01:46:02','2017-10-05 15:21:01'),(99,'eaque','2003-09-06 20:38:28','2003-08-04 05:01:57'),(100,'harum','1974-07-21 07:50:06','1990-04-25 07:38:22');
/*!40000 ALTER TABLE `media_types` ENABLE KEYS */;
UNLOCK TABLES;

--
-- Table structure for table `messages`
--

DROP TABLE IF EXISTS `messages`;
/*!40101 SET @saved_cs_client     = @@character_set_client */;
/*!50503 SET character_set_client = utf8mb4 */;
CREATE TABLE `messages` (
  `id` int unsigned NOT NULL AUTO_INCREMENT COMMENT 'Идентификатор строки',
  `from_user_id` int unsigned NOT NULL COMMENT 'Ссылка на отправителя сообщения',
  `to_user_id` int unsigned NOT NULL COMMENT 'Ссылка на получателя сообщения',
  `body` text CHARACTER SET utf8 COLLATE utf8_unicode_ci NOT NULL COMMENT 'Текст сообщения',
  `is_important` tinyint(1) DEFAULT NULL COMMENT 'Признак важности',
  `is_delivered` tinyint(1) DEFAULT NULL COMMENT 'Признак доставки',
  `created_at` datetime DEFAULT CURRENT_TIMESTAMP COMMENT 'Время создания строки',
  `updated_at` datetime DEFAULT CURRENT_TIMESTAMP ON UPDATE CURRENT_TIMESTAMP COMMENT 'Время обновления строки',
  PRIMARY KEY (`id`)
) ENGINE=InnoDB AUTO_INCREMENT=101 DEFAULT CHARSET=utf8 COLLATE=utf8_unicode_ci COMMENT='Сообщения';
/*!40101 SET character_set_client = @saved_cs_client */;

--
-- Dumping data for table `messages`
--

LOCK TABLES `messages` WRITE;
/*!40000 ALTER TABLE `messages` DISABLE KEYS */;
INSERT INTO `messages` VALUES (1,1,1,'Velit at reprehenderit deleniti voluptates. Rerum delectus delectus vitae consequatur ut laboriosam. Maiores dicta omnis laborum delectus. Aut eveniet natus explicabo beatae culpa cum libero error.',0,0,'2002-10-10 20:24:14','2017-06-30 07:15:57'),(2,2,2,'Numquam iusto doloribus laudantium non molestiae. Aut dolorum alias architecto ab recusandae rerum sed aut. Sit illum reprehenderit possimus est magnam magnam. Fugiat accusamus saepe dolor a officia.',0,0,'1996-09-01 03:12:04','2007-08-29 14:24:31'),(3,3,3,'Molestiae minus facilis neque laborum. Sit id delectus porro et in. Consectetur recusandae maiores veritatis magni molestiae praesentium.',1,1,'1977-05-02 13:31:02','1980-02-27 16:59:48'),(4,4,4,'Sed sed fugiat ipsam perspiciatis error ullam sapiente. Provident quia aut fugiat eos. Accusantium inventore eum nemo minus. Explicabo et quos doloremque minima id.',0,0,'1982-01-22 08:07:39','1976-05-09 13:35:14'),(5,5,5,'Amet dolorem ex ut explicabo dolores laboriosam. Quo ut vel illum suscipit aut minima. Quibusdam et iusto non. Omnis consequuntur deserunt et eligendi quaerat minima vero molestiae.',1,1,'1981-03-31 21:11:10','2007-11-27 16:40:27'),(6,6,6,'Accusantium qui ut consequatur accusamus. Saepe perspiciatis quis dolorem sed autem repellendus. At accusamus sit deleniti qui eveniet dolore.',0,1,'1997-06-01 23:30:18','2018-06-03 22:18:48'),(7,7,7,'Perspiciatis consequatur iusto autem cum ab. Commodi perferendis et recusandae. Est occaecati enim vel qui officia a.',1,0,'2017-07-01 21:15:12','2016-05-27 21:22:25'),(8,8,8,'Officiis optio aut ut hic qui repellendus. Non corrupti qui placeat earum. Soluta id est voluptatem voluptatibus. Sit maxime molestiae debitis aut nisi quibusdam consequatur.',0,0,'1981-12-22 20:06:40','1972-05-28 02:31:54'),(9,9,9,'Voluptatem a quidem voluptatem et autem. Ut voluptate voluptatem enim doloribus ratione consequatur. Molestiae omnis officiis adipisci nobis.',0,0,'2009-12-07 10:31:56','2013-06-16 18:16:47'),(10,10,10,'Vitae inventore iste quas nihil. Dolorum quisquam expedita ut totam. Assumenda similique earum animi veritatis occaecati quis. Atque a saepe blanditiis et placeat. Dolores dolorem numquam non ad nobis.',0,0,'1974-10-31 00:53:39','2005-08-05 23:36:01'),(11,11,11,'Placeat ipsa nobis placeat ut. Nesciunt sint labore dolorum rerum et eligendi. Quod iusto doloribus minus numquam. Et velit odit quam placeat dicta.',1,1,'2003-09-07 00:57:40','1996-07-30 17:50:13'),(12,12,12,'Beatae eum velit unde ut a nemo ut. Quia reiciendis quis suscipit esse sunt. Est facilis id similique ut. Illum deleniti rerum repellendus doloribus suscipit. Fugiat laborum et autem iste.',1,0,'2016-12-19 04:52:29','1982-02-26 17:29:47'),(13,13,13,'Et velit vero cum omnis. Rerum molestiae iusto nam nesciunt omnis culpa architecto. Optio est hic quo quis.',1,1,'1993-08-05 01:27:59','1994-11-30 20:11:01'),(14,14,14,'Dolor expedita aut accusantium est aut sequi illum. Adipisci consequatur a ullam natus. A laudantium similique laudantium ex sit suscipit ducimus.',0,1,'1994-09-27 22:20:18','2019-03-07 05:42:50'),(15,15,15,'Architecto in laboriosam eligendi quos eum quis consequatur repudiandae. Possimus rem ex sed doloribus minus veritatis. Provident et ad dolorem delectus molestias expedita qui.',0,1,'1993-09-02 02:05:42','1992-12-29 03:30:43'),(16,16,16,'Perspiciatis nemo ut ea. Animi omnis at pariatur saepe et cumque accusamus. Modi dolores nemo et eos. Impedit pariatur corporis molestias vel doloremque debitis. Eligendi tempora commodi omnis.',0,0,'1970-02-16 08:35:08','2014-03-25 13:32:25'),(17,17,17,'Ut consectetur qui nisi ea consequatur. Aut et et pariatur. Ea consequatur tempore eius delectus accusantium voluptatem. Reiciendis veritatis quo aut vel. Quaerat et rerum aperiam enim aut ullam saepe.',1,1,'1994-04-09 23:42:16','1993-04-25 11:54:16'),(18,18,18,'Quos est nulla soluta exercitationem. Qui in exercitationem ipsum minus similique voluptas. Cumque omnis officia aut illum perferendis officia.',1,1,'2018-12-12 20:10:32','1973-01-26 00:56:30'),(19,19,19,'Qui vel neque ut. Accusantium assumenda velit numquam et vel sit repellat.',0,1,'1987-07-27 02:11:46','2020-01-09 02:33:41'),(20,20,20,'Amet fuga rerum in voluptatibus accusantium. Cupiditate non deleniti vero. Placeat et autem omnis libero. Maxime et quo natus sapiente.',1,0,'1992-07-18 12:35:03','1995-05-23 23:12:07'),(21,21,21,'Praesentium vero omnis reprehenderit quidem. Quia nulla debitis quaerat illum velit quae ratione. Maxime quam placeat autem dolorum libero minus voluptas. Corporis adipisci nisi vel et possimus ex quis.',1,0,'1982-03-12 03:34:08','1974-05-22 11:03:40'),(22,22,22,'Hic quas sint eum id reprehenderit veniam ratione. Earum molestiae maxime vel quo laborum commodi. Consequatur aspernatur aut sed. A quae occaecati reiciendis ut qui odio ut. Illum tempora voluptatem eaque.',1,1,'2016-07-13 20:24:53','1982-09-07 22:41:19'),(23,23,23,'Dolore sed numquam repellendus ut. Soluta et voluptates quam corporis veritatis. Dolorem voluptas qui quo illo. Earum exercitationem corrupti voluptatem molestiae.',0,0,'1989-03-04 09:28:58','2005-08-22 21:13:07'),(24,24,24,'Qui corporis eos laboriosam quia natus ut. Ducimus praesentium magnam eos magni autem consequatur. Possimus placeat culpa quo incidunt.',0,0,'1999-01-28 10:45:18','2003-08-22 22:43:13'),(25,25,25,'Autem eaque molestias quidem voluptatum facilis. Eos eos voluptatum animi molestiae id non. Ut sunt quidem vitae in sit voluptatem animi. Reprehenderit excepturi quaerat fuga odit. Eveniet in culpa laborum in earum eveniet dolorem recusandae.',1,0,'1978-01-27 05:12:14','1988-09-27 22:22:53'),(26,26,26,'Exercitationem nesciunt iusto deleniti est culpa nisi exercitationem. Est corrupti cumque porro. Dolorum quidem atque dolor est quia. Aspernatur nobis recusandae consequatur.',1,0,'2009-05-15 07:30:08','2007-04-15 05:07:15'),(27,27,27,'Et molestias nihil in tenetur maxime. Modi tempore nulla aspernatur voluptatem quasi quo. Eaque est facere sint enim ullam hic consequatur odit. Quibusdam et dolorum corrupti consequatur ad iusto aperiam asperiores.',0,0,'1972-05-24 23:24:09','2005-08-21 05:37:41'),(28,28,28,'Labore sed et dolore facilis et. Est consequatur enim eos quibusdam consectetur. Quia ut id sed hic voluptatum vel.',1,0,'2012-03-11 23:42:51','1977-12-10 08:15:25'),(29,29,29,'Est sit molestiae rem. Harum amet nostrum maxime sint. Sed quae voluptatem praesentium reiciendis.',0,0,'1994-08-26 07:40:01','1988-06-14 18:43:36'),(30,30,30,'Et impedit architecto aliquid voluptatem nisi amet quis. Inventore sit cupiditate quos quibusdam est illum suscipit. Molestiae soluta dicta non explicabo id neque.',0,1,'2007-04-04 22:32:05','1992-12-05 17:29:20'),(31,31,31,'Qui neque repellat aut dignissimos. Facilis aut et maxime alias et. Et et dolorum aut quam aut.',0,0,'1979-05-01 03:23:54','2018-01-08 08:59:46'),(32,32,32,'Quasi quaerat repellat odio est nihil. Delectus ut tempore quia sed qui dolore. Quis veritatis sit sed et recusandae minus beatae atque.',1,1,'1990-10-04 19:09:52','1981-08-08 19:15:54'),(33,33,33,'Provident voluptatum omnis eum est. Est sed aliquid fugit nihil excepturi sint.',0,0,'1976-03-19 22:28:37','1992-08-14 09:59:10'),(34,34,34,'Sed nihil dolore voluptatem praesentium. Ullam fugiat explicabo explicabo in ex. Rerum sapiente voluptate repellendus. Odio id voluptas unde distinctio vero.',0,1,'1998-06-25 12:45:44','2013-02-24 16:09:43'),(35,35,35,'Excepturi voluptatem nobis vel architecto repellendus optio. Et quidem quia est et in molestiae velit tempore. Autem iste sit et omnis corrupti et aliquid.',1,1,'2002-08-17 09:47:24','2010-12-23 19:00:58'),(36,36,36,'Quia et nisi aut eius vel quo unde. Et eius nihil rerum id. Quisquam nobis in architecto tenetur ut omnis.',0,0,'2006-07-04 08:47:40','1979-03-31 02:32:34'),(37,37,37,'Voluptatem qui quod perferendis alias. Nesciunt dolorem rerum nemo velit. Est sed perspiciatis est illum. Placeat rem aspernatur debitis in. Dicta et repellendus in.',0,0,'2020-07-18 22:15:40','2019-08-05 21:15:39'),(38,38,38,'Iste illo deserunt et corrupti illo qui veritatis sunt. Corporis at doloribus occaecati ea quam minima nisi et. Pariatur enim error veritatis architecto id nemo.',0,0,'2010-08-07 07:15:43','1985-01-23 16:18:25'),(39,39,39,'Veritatis voluptates repellendus itaque provident. Assumenda quae consequatur aliquam. Aut nihil aut enim tenetur suscipit officiis voluptatem. Repellat dolore expedita ipsum omnis itaque nemo quibusdam officia. A voluptas quae est aut delectus voluptatem natus.',1,0,'1983-09-27 14:42:39','2010-05-11 09:36:03'),(40,40,40,'Eius consequatur adipisci dignissimos. Vero eligendi dolor enim explicabo. Consectetur beatae magnam ex recusandae provident qui.',0,0,'2007-08-30 01:52:17','1983-04-20 22:16:03'),(41,41,41,'Ut voluptas libero non voluptatem aut est. Quia velit natus occaecati sed odit ut nihil laudantium. Nulla voluptas consequuntur similique voluptatibus quia dolores. Et ut et assumenda eveniet odit reprehenderit neque.',0,0,'1991-08-10 11:12:43','1981-08-06 11:18:01'),(42,42,42,'Facere expedita earum delectus eum quam. Et amet eveniet repudiandae enim quod fuga. Et deleniti odit et nam voluptatum adipisci.',0,1,'2019-06-26 01:35:38','2012-12-07 00:12:47'),(43,43,43,'Eligendi odio est repudiandae quisquam ea explicabo odit ea. Amet error suscipit facilis suscipit. Molestias id adipisci praesentium quia quos porro in. Omnis sit sunt distinctio dolorem vel ut corporis.',1,0,'1985-06-15 20:35:49','1983-02-06 20:51:55'),(44,44,44,'Esse sequi voluptatum dignissimos delectus pariatur repudiandae quaerat ex. Ipsam facilis tempore inventore omnis possimus ut. Consequatur exercitationem repellat ipsum laboriosam labore rerum. Et omnis quisquam unde maxime.',1,1,'1993-09-08 15:30:56','2007-02-06 22:18:06'),(45,45,45,'Ad praesentium sit dolorum quidem culpa quidem. Dolorem asperiores corrupti molestiae voluptates consequuntur assumenda. Modi tempora quasi magnam quia est est. Sunt modi ut id velit.',0,1,'1999-07-12 22:22:20','1971-05-24 19:07:52'),(46,46,46,'Id reiciendis corrupti ducimus omnis aut. Non in quis accusantium numquam dolorum culpa fuga. Magni nam labore et maiores voluptatem libero excepturi.',0,1,'1977-12-02 07:02:53','2014-04-11 14:04:43'),(47,47,47,'Explicabo et labore at laborum molestiae. Recusandae iste placeat accusantium a ipsum. Voluptatem culpa quia sed vel et consequuntur sint. Deleniti vitae voluptas iure dolore accusamus est.',0,1,'2005-12-11 00:57:02','1996-05-05 11:17:34'),(48,48,48,'Occaecati et eligendi debitis exercitationem porro sit quo consequatur. Inventore iusto possimus quae rerum et fugit.',1,0,'2019-11-04 02:50:02','1986-05-23 12:35:46'),(49,49,49,'Perferendis dicta voluptas neque ex molestiae blanditiis qui. Rem ex dicta aut qui. Iusto magnam qui impedit.',0,1,'1981-10-10 14:53:35','2012-07-01 08:03:41'),(50,50,50,'Tempore impedit cumque dolorem voluptatibus minima provident adipisci facilis. Et non aut facilis vitae quibusdam. Dolorum occaecati autem similique nesciunt consectetur molestiae necessitatibus. Nihil eum iste deserunt cum voluptatum facere est. Temporibus consectetur rerum magni ratione qui iusto animi cum.',0,1,'1977-12-12 00:04:15','1998-11-11 09:01:42'),(51,51,51,'Nulla quia in voluptate sunt eius dicta qui. Quos sequi soluta ut laboriosam voluptas quisquam in. Sapiente quisquam qui consequatur illum quidem. Ut sequi autem aut et.',0,0,'1981-09-26 23:54:13','2008-02-01 18:33:29'),(52,52,52,'Quo dolorem eveniet ab recusandae omnis magni dolor dolore. Vel quam voluptatem voluptas soluta. Sit sit officiis delectus dolor dolores et quaerat magni. Id eum id molestias veniam corporis dolorem.',0,1,'2019-05-30 12:59:21','1992-10-13 12:09:00'),(53,53,53,'Voluptatem quia delectus magnam ad possimus distinctio unde. Tenetur sapiente dolores provident aut provident et. Nihil quia nulla eos nisi tempore nihil iste. Pariatur quia officiis eum autem consequatur qui iusto ullam.',0,0,'1982-11-18 21:52:31','1978-03-22 00:14:54'),(54,54,54,'Amet et aut omnis velit ipsa. Dolorem minus harum nihil non saepe. Aut harum eaque laudantium expedita est dolor architecto.',1,0,'1997-03-05 09:56:25','2012-06-18 08:22:18'),(55,55,55,'Quaerat fuga eius omnis rem amet mollitia facilis. Aut corporis repellendus fuga et veritatis libero molestias. Error suscipit voluptatem saepe iste.',0,0,'1999-09-02 04:36:17','2005-07-20 06:09:08'),(56,56,56,'Dolorum dolores iusto placeat dolore distinctio dolorem eius. Consectetur repellat ea provident corporis sit omnis quo. Error aut quis sed earum. Voluptas est iure quo voluptas id eligendi. Et fugiat et et.',0,0,'1988-11-20 21:50:54','2000-11-11 06:53:14'),(57,57,57,'Nulla voluptas optio pariatur nostrum id. Libero dolores iusto ipsum laborum. Assumenda et sequi consequatur error inventore quia.',1,0,'1977-11-22 12:19:58','2019-10-09 14:16:30'),(58,58,58,'Nemo mollitia voluptatem placeat temporibus hic at adipisci. Autem praesentium molestias quas nihil corporis magnam praesentium. Ratione eos eos vel molestiae facilis vel quo. Inventore sint voluptatem et consequatur in sunt qui omnis.',0,0,'2009-01-23 01:26:38','1992-11-25 13:41:03'),(59,59,59,'Et officiis in fugit quo. Temporibus consequatur magni non pariatur possimus laborum voluptas. Sint dolorum consectetur sequi doloremque quae impedit repellendus.',0,1,'1973-05-14 13:38:55','2005-03-24 01:49:18'),(60,60,60,'Maiores est aliquam quam voluptatum ab voluptatibus maxime. Quis quaerat odit iste expedita cum recusandae rem.',1,0,'2005-04-28 01:01:32','1990-04-18 22:10:47'),(61,61,61,'Quia dolorem dolorum soluta et non doloribus. Adipisci sed velit maxime. Perspiciatis sunt dolores consequatur tempora aut rerum dolorem id. Libero cum ut in provident tempore ipsam eos omnis.',1,1,'1970-05-07 23:39:23','2016-04-23 13:36:02'),(62,62,62,'Velit voluptas cumque est itaque ducimus facere deleniti ut. Quasi optio qui vero dolorem alias et. Nemo molestiae aut non quod nisi.',0,1,'2013-03-26 21:10:47','1991-11-05 04:24:10'),(63,63,63,'Culpa qui sapiente id minus quia eos. Officiis eos laborum architecto enim eos. Consectetur sed odit accusantium necessitatibus earum iste aliquid.',0,1,'2006-07-26 08:09:17','1995-07-14 10:14:36'),(64,64,64,'Omnis et quisquam sed. Reiciendis nam quaerat iusto sint quo quis voluptatem quia. Sed dolorem qui quis.',1,1,'1970-11-04 13:35:51','2015-07-08 21:23:10'),(65,65,65,'Eligendi sed ut sapiente sint et ut et. Exercitationem itaque voluptatem doloremque id quas excepturi. Id aliquid molestiae quis aut atque quod et.',0,0,'1989-07-18 13:30:22','2020-02-23 19:25:58'),(66,66,66,'Incidunt perspiciatis nihil in quam accusamus impedit. Magni maiores est nostrum et. Sunt atque rerum est quia autem. Ipsa non qui nemo corrupti.',0,1,'1994-09-06 15:27:31','1971-11-03 13:25:25'),(67,67,67,'Voluptatem dolores quisquam quidem beatae odio. Provident est ipsum et sint omnis. Odit inventore quidem enim sit est.',1,1,'2019-02-03 06:39:04','1976-03-03 15:36:14'),(68,68,68,'Incidunt possimus excepturi quia sit dolorum et rerum et. Illum dicta fugit eveniet cupiditate sit rerum est. Dolores consequatur enim dolores recusandae. Et ea cum doloremque repellendus quia ex.',1,1,'2001-01-16 06:34:34','2014-11-11 22:29:50'),(69,69,69,'Saepe eos reiciendis labore sapiente non. Unde eos eaque vel consectetur qui. Dolorem quaerat aut velit nobis.',1,1,'1992-02-02 01:42:34','1975-05-11 11:45:50'),(70,70,70,'Error molestiae aut blanditiis quis. Neque vero sit dolorem quis facilis. Explicabo eveniet quis expedita odio quae.',0,0,'1982-04-15 07:30:08','1990-03-13 03:01:00'),(71,71,71,'Ipsum delectus nostrum labore sed. Aperiam aut delectus eius velit numquam omnis aliquid. Soluta dicta alias beatae non et. Aspernatur et quia sint voluptatem beatae est.',1,0,'1996-07-10 04:46:14','2016-08-21 20:14:27'),(72,72,72,'Quasi ipsam non est at et qui ea. Quis consequatur consequuntur voluptate nihil rerum. Expedita dolor tempore velit nihil repudiandae voluptate repudiandae. Quaerat exercitationem quo assumenda voluptatem quae aut.',1,0,'2011-05-31 12:35:54','1995-05-28 13:25:06'),(73,73,73,'Voluptatem ex quo dignissimos veritatis hic et rem. Beatae consequatur occaecati quam quaerat et ipsum unde. Eos id est alias rerum minima quaerat.',0,1,'1977-01-27 02:19:15','2005-11-22 21:08:44'),(74,74,74,'Natus voluptas fugiat modi ut vitae ut. Nam aut officiis aut dolor porro. Est tenetur repudiandae ducimus voluptas et eligendi. Quibusdam dolorem et saepe nulla at. Nemo consectetur recusandae repellendus totam repudiandae.',0,0,'2001-01-07 13:10:08','2017-05-08 00:56:34'),(75,75,75,'Suscipit et molestiae qui quos modi quasi. Deserunt fugit quibusdam necessitatibus quisquam qui. Et delectus qui expedita ducimus est hic est. Soluta eos delectus id neque velit facere.',0,1,'1989-03-01 00:53:03','1983-11-24 10:20:08'),(76,76,76,'Occaecati tenetur quidem mollitia modi aliquid et. Voluptas maxime omnis similique est. Quis iste consequatur dolorem non dicta. Repellat nihil assumenda sequi odit ratione odit.',0,0,'2010-02-09 18:34:48','1992-09-29 02:59:03'),(77,77,77,'Quidem nesciunt vero accusamus nobis sequi nobis eum impedit. Natus recusandae dolorem velit. Aut et veniam ullam culpa aut vel. Eaque nesciunt placeat est itaque consequuntur dolor.',0,0,'2008-03-18 23:07:52','1975-08-15 22:20:32'),(78,78,78,'Asperiores similique cumque rerum consequatur voluptatem quia. Voluptate illum et occaecati sint dolores est reiciendis. Nulla libero cumque voluptatum aut enim non sunt. Omnis iure quod et officia sit et et.',0,0,'1999-10-16 12:18:45','1971-01-13 05:46:43'),(79,79,79,'Beatae laudantium amet modi tenetur. A dolorem eveniet velit est non possimus. Aliquam quia ea ratione expedita.',0,1,'1982-10-28 18:18:11','2012-12-21 11:30:31'),(80,80,80,'Aut soluta explicabo dolorem amet veniam adipisci mollitia totam. Ratione incidunt ea dolorem qui cum sunt iste. Quod provident exercitationem facilis et eligendi nihil. Eaque recusandae et dolores vel vel distinctio.',1,0,'2016-09-19 10:08:25','1986-06-26 10:13:43'),(81,81,81,'Ut omnis maiores minus asperiores fugit. Consequuntur occaecati quaerat praesentium iure quos aut voluptates. Eum molestias beatae distinctio qui aut dignissimos facilis. Suscipit quae ut rem officiis sed ut totam.',0,0,'1997-10-03 08:59:40','2010-06-24 18:34:18'),(82,82,82,'Rerum eaque ducimus quae numquam accusamus unde quod. Quis molestiae et impedit corrupti pariatur. Aut et dolorem odio qui nemo.',1,0,'1997-09-23 07:52:55','1974-05-05 07:59:38'),(83,83,83,'Quo eveniet totam incidunt voluptas. Et in libero aspernatur illum ut id molestiae veniam. Laborum odit perspiciatis et enim voluptatem est nesciunt. Ea velit rem ab. Qui dicta explicabo animi quibusdam qui dolorem.',1,0,'1971-11-07 01:48:32','1981-11-15 01:46:03'),(84,84,84,'Porro aut ipsa aperiam sed libero corrupti. Quia aut doloribus commodi delectus voluptatum. Fugit est voluptatem molestiae cum in rem. Culpa minus aut ipsa fuga.',0,1,'1981-09-24 21:37:56','1990-08-23 08:40:40'),(85,85,85,'Perspiciatis rerum qui odit adipisci ut mollitia. Nulla consequatur quidem sit dignissimos et aut qui. Quo neque quidem consequatur sit voluptate. Quasi asperiores illo sint omnis quis ad animi. Quia perferendis et qui voluptatem qui.',0,0,'2006-04-11 01:34:39','2007-07-15 06:57:03'),(86,86,86,'Vel culpa pariatur ad. Nulla magni totam sint sed. Consequuntur quia vero cupiditate dolores magnam quasi qui iusto.',0,0,'1988-11-22 22:17:45','1979-02-03 02:24:13'),(87,87,87,'Quibusdam provident perspiciatis molestiae molestiae reiciendis. Aliquam nemo et tempore libero perspiciatis dignissimos. Consectetur consequatur dolorem sapiente possimus quia tempora.',1,1,'1980-11-03 22:19:25','1980-02-25 10:49:24'),(88,88,88,'Dolor vel aut facilis officia atque ipsa. Qui consectetur quis sed ut voluptatum consequatur. Sequi dolore pariatur eos aliquid et praesentium a. Libero velit quisquam sapiente. Enim inventore vel eius dolorem.',0,1,'1976-08-28 09:13:27','2006-12-29 14:11:17'),(89,89,89,'Consectetur explicabo est cum accusamus quos. Cupiditate eius assumenda aliquam perspiciatis qui. Ut illum corporis perspiciatis ipsa. Corrupti sed tenetur et fugiat autem enim. Amet accusamus libero et ut.',1,1,'2016-02-04 14:56:52','2003-09-11 09:32:07'),(90,90,90,'Ipsa perspiciatis quaerat qui minima hic et. Sapiente et blanditiis officia. Reiciendis aspernatur id unde repellendus voluptas cum totam.',1,0,'1978-04-25 10:06:31','1978-10-05 11:05:25'),(91,91,91,'Alias molestias id nam blanditiis possimus. Provident fuga soluta tempore tempore.',0,0,'2008-05-18 05:17:47','1973-10-25 10:53:25'),(92,92,92,'Eius voluptatum nihil consequatur porro. Animi qui animi ea et amet in. Ab est vel fugiat quis nulla qui occaecati.',1,0,'1970-07-17 08:20:43','1975-06-09 20:30:50'),(93,93,93,'Reiciendis veritatis impedit et et. Et dolores et id ut aliquid soluta. Non quisquam excepturi dolorum molestiae dolorum asperiores.',1,0,'2020-07-12 16:51:36','2005-02-13 04:20:16'),(94,94,94,'Sunt cum consectetur quis ut. Placeat eius corrupti reiciendis tempore quas et.',0,1,'1999-12-21 08:36:00','1970-12-19 13:57:57'),(95,95,95,'Et provident impedit sed. Itaque autem minima id ea aliquam voluptate reprehenderit. Praesentium consequatur deserunt cupiditate eveniet consequatur dolor. Quos iste sed accusamus.',1,1,'2014-08-17 19:42:03','2005-05-20 01:58:15'),(96,96,96,'Omnis rerum et blanditiis quod. Dolorum veritatis quam ad harum sed reiciendis dolores. Ratione ut voluptatum voluptas odio libero assumenda laudantium repellendus.',1,0,'1999-02-22 05:33:52','2007-01-04 16:14:41'),(97,97,97,'Officiis alias cumque vitae inventore qui tempora. Non repudiandae qui consectetur hic aut non. Expedita voluptatem dolore cupiditate.',0,1,'2010-02-23 04:14:24','2006-11-21 13:46:07'),(98,98,98,'Aut et ut distinctio omnis. Voluptatibus aperiam ea dolores eos est voluptas.',0,0,'1997-03-06 19:50:36','1981-02-02 03:46:13'),(99,99,99,'Magnam ratione qui voluptatem ut fuga at. Sunt molestias architecto ipsa qui inventore. Reprehenderit enim voluptatem consequatur eos molestiae. Cum et tempora omnis modi consequuntur molestiae.',0,0,'2018-08-28 21:14:02','2010-01-11 15:57:14'),(100,100,100,'Voluptatem nisi dolore sed harum. Harum debitis necessitatibus aspernatur. Quibusdam iure maxime ut quia hic dolorem architecto.',0,1,'1974-04-04 13:43:01','2019-05-11 14:09:42');
/*!40000 ALTER TABLE `messages` ENABLE KEYS */;
UNLOCK TABLES;

--
-- Table structure for table `profile_statuses`
--

DROP TABLE IF EXISTS `profile_statuses`;
/*!40101 SET @saved_cs_client     = @@character_set_client */;
/*!50503 SET character_set_client = utf8mb4 */;
CREATE TABLE `profile_statuses` (
  `id` int unsigned NOT NULL AUTO_INCREMENT COMMENT 'Идентификатор строки',
  `name` varchar(30) NOT NULL COMMENT 'Название статуса',
  `created_at` datetime DEFAULT CURRENT_TIMESTAMP COMMENT 'Время создания строки',
  `updated_at` datetime DEFAULT CURRENT_TIMESTAMP ON UPDATE CURRENT_TIMESTAMP COMMENT 'Время обновления строки',
  PRIMARY KEY (`id`),
  UNIQUE KEY `name` (`name`)
) ENGINE=InnoDB DEFAULT CHARSET=utf8mb4 COLLATE=utf8mb4_0900_ai_ci COMMENT='Статусы профилей';
/*!40101 SET character_set_client = @saved_cs_client */;

--
-- Dumping data for table `profile_statuses`
--

LOCK TABLES `profile_statuses` WRITE;
/*!40000 ALTER TABLE `profile_statuses` DISABLE KEYS */;
/*!40000 ALTER TABLE `profile_statuses` ENABLE KEYS */;
UNLOCK TABLES;

--
-- Table structure for table `profiles`
--

DROP TABLE IF EXISTS `profiles`;
/*!40101 SET @saved_cs_client     = @@character_set_client */;
/*!50503 SET character_set_client = utf8mb4 */;
CREATE TABLE `profiles` (
  `user_id` int unsigned NOT NULL COMMENT 'Ссылка на пользователя',
  `gender` char(1) NOT NULL COMMENT 'Пол',
  `birthday` date DEFAULT NULL COMMENT 'Дата рождения',
  `photo_id` int unsigned DEFAULT NULL COMMENT 'Ссылка на основную фотографию пользователя',
  `status_id` int unsigned NOT NULL COMMENT 'Идентификатор статуса',
  `city_id` int unsigned NOT NULL COMMENT 'Идентификатор города проживания',
  `created_at` datetime DEFAULT CURRENT_TIMESTAMP COMMENT 'Время создания строки',
  `updated_at` datetime DEFAULT CURRENT_TIMESTAMP ON UPDATE CURRENT_TIMESTAMP COMMENT 'Время обновления строки',
  PRIMARY KEY (`user_id`)
) ENGINE=InnoDB DEFAULT CHARSET=utf8mb4 COLLATE=utf8mb4_0900_ai_ci COMMENT='Профили';
/*!40101 SET character_set_client = @saved_cs_client */;

--
-- Dumping data for table `profiles`
--

LOCK TABLES `profiles` WRITE;
/*!40000 ALTER TABLE `profiles` DISABLE KEYS */;
/*!40000 ALTER TABLE `profiles` ENABLE KEYS */;
UNLOCK TABLES;

--
-- Table structure for table `profiles_statuses`
--

DROP TABLE IF EXISTS `profiles_statuses`;
/*!40101 SET @saved_cs_client     = @@character_set_client */;
/*!50503 SET character_set_client = utf8mb4 */;
CREATE TABLE `profiles_statuses` (
  `id` int unsigned NOT NULL AUTO_INCREMENT COMMENT 'Идентификатор строки',
  `name` varchar(30) NOT NULL COMMENT 'Название статуса',
  `created_at` datetime DEFAULT CURRENT_TIMESTAMP COMMENT 'Время создания строки',
  `updated_at` datetime DEFAULT CURRENT_TIMESTAMP ON UPDATE CURRENT_TIMESTAMP COMMENT 'Время обновления строки',
  PRIMARY KEY (`id`),
  UNIQUE KEY `name` (`name`)
) ENGINE=InnoDB DEFAULT CHARSET=utf8mb4 COLLATE=utf8mb4_0900_ai_ci COMMENT='Статусы профилей';
/*!40101 SET character_set_client = @saved_cs_client */;

--
-- Dumping data for table `profiles_statuses`
--

LOCK TABLES `profiles_statuses` WRITE;
/*!40000 ALTER TABLE `profiles_statuses` DISABLE KEYS */;
/*!40000 ALTER TABLE `profiles_statuses` ENABLE KEYS */;
UNLOCK TABLES;

--
-- Table structure for table `users`
--

DROP TABLE IF EXISTS `users`;
/*!40101 SET @saved_cs_client     = @@character_set_client */;
/*!50503 SET character_set_client = utf8mb4 */;
CREATE TABLE `users` (
  `id` int unsigned NOT NULL AUTO_INCREMENT COMMENT 'Идентификатор строки',
  `first_name` varchar(100) CHARACTER SET utf8 COLLATE utf8_unicode_ci NOT NULL COMMENT 'Имя пользователя',
  `last_name` varchar(100) CHARACTER SET utf8 COLLATE utf8_unicode_ci NOT NULL COMMENT 'Фамилия пользователя',
  `email` varchar(100) CHARACTER SET utf8 COLLATE utf8_unicode_ci NOT NULL COMMENT 'Почта',
  `phone` varchar(100) CHARACTER SET utf8 COLLATE utf8_unicode_ci NOT NULL COMMENT 'Телефон',
  `created_at` datetime DEFAULT CURRENT_TIMESTAMP COMMENT 'Время создания строки',
  `updated_at` datetime DEFAULT CURRENT_TIMESTAMP ON UPDATE CURRENT_TIMESTAMP COMMENT 'Время обновления строки',
  PRIMARY KEY (`id`),
  UNIQUE KEY `email` (`email`),
  UNIQUE KEY `phone` (`phone`)
) ENGINE=InnoDB AUTO_INCREMENT=101 DEFAULT CHARSET=utf8 COLLATE=utf8_unicode_ci COMMENT='Пользователи';
/*!40101 SET character_set_client = @saved_cs_client */;

--
-- Dumping data for table `users`
--

LOCK TABLES `users` WRITE;
/*!40000 ALTER TABLE `users` DISABLE KEYS */;
INSERT INTO `users` VALUES (1,'Earnestine','Will','renner.lesley@example.org','024.518.9721x23125','2017-01-05 03:35:05','1985-02-10 04:25:14'),(2,'Omari','Romaguera','ldach@example.org','(455)283-8998x7543','1981-12-03 08:51:19','1982-12-30 20:32:06'),(3,'Burley','Dach','muller.ciara@example.com','1-428-835-8969','1977-11-21 12:05:22','1977-04-28 12:15:51'),(4,'Asha','Little','goyette.jalon@example.org','1-214-694-7526','2008-07-04 16:57:47','2020-08-12 21:23:56'),(5,'Deborah','Gorczany','thea13@example.org','(480)336-8881','1975-09-25 08:06:21','1983-03-11 20:25:17'),(6,'Adele','Strosin','xjohns@example.net','05639012808','1997-06-08 09:52:57','1971-02-03 03:33:49'),(7,'Mabelle','Leannon','vonrueden.karl@example.com','283-435-4226x794','1998-02-21 16:29:39','1978-09-13 18:32:03'),(8,'Hannah','Bayer','heidenreich.barbara@example.org','1-664-514-5854x929','1979-07-13 00:03:05','2000-06-09 10:15:05'),(9,'Brittany','Nitzsche','verner.erdman@example.com','03998854613','1977-10-15 21:55:20','1970-02-12 02:06:34'),(10,'Adolf','Rolfson','lucie95@example.org','279.325.5526x208','1980-04-12 16:51:00','1997-11-09 12:01:02'),(11,'Eden','Bernier','helen87@example.net','046.755.3010x605','2015-01-20 09:07:49','2011-10-23 08:32:13'),(12,'Pattie','Huels','lferry@example.net','(310)355-1307','2018-08-08 10:03:54','1991-12-20 14:50:58'),(13,'Cleta','McDermott','rgislason@example.org','1-998-529-5805x69834','2006-10-17 10:23:10','1999-06-15 13:18:26'),(14,'Ryleigh','Harris','clara.hammes@example.com','(708)047-6123','2016-07-06 08:06:07','1979-09-30 17:39:14'),(15,'Warren','Bartell','jules90@example.net','1-243-526-3396','1986-09-28 16:56:15','1994-04-03 10:41:36'),(16,'Jamar','Armstrong','valentin94@example.net','539-243-0089','1990-08-02 05:20:23','1979-01-10 01:31:47'),(17,'Laurie','Klein','urunte@example.org','(132)052-9782x893','2012-04-09 08:18:29','1995-10-29 18:50:51'),(18,'Federico','Erdman','glenda.howell@example.org','(554)267-6333x091','1976-03-25 17:04:42','2015-06-29 13:57:46'),(19,'Hazel','Kessler','johnston.jules@example.org','336.787.3816x21622','1990-03-25 06:00:20','2013-04-27 10:18:37'),(20,'Elliott','Ledner','xcartwright@example.org','+42(9)0659851093','1983-08-15 09:58:15','1983-01-22 15:40:04'),(21,'Athena','Daugherty','jbecker@example.com','07324710572','1997-09-08 00:26:04','1997-09-26 05:12:19'),(22,'Drew','Price','gtowne@example.com','795-003-1514','2002-05-07 12:34:17','1976-01-22 18:45:13'),(23,'Gregg','Blick','bbayer@example.org','606.382.3398','1982-01-02 20:37:35','1986-05-16 22:11:02'),(24,'Jaiden','Kling','gottlieb.krystina@example.com','1-132-971-3707x5788','2012-07-19 06:16:25','1995-08-01 10:49:26'),(25,'Maeve','Beatty','gerardo.blanda@example.org','1-209-158-6124x0395','2013-11-09 20:32:06','1972-12-24 11:40:09'),(26,'Treva','Leannon','alfonzo.weber@example.net','08314986538','2005-01-01 06:18:51','1986-07-16 06:23:04'),(27,'Ariane','Daniel','gerardo.wilkinson@example.net','1-517-809-3090','1982-02-28 12:24:18','1970-01-13 09:27:24'),(28,'Rosa','Schulist','cgrady@example.net','775-244-8718x029','2000-05-23 00:42:08','2011-01-25 11:20:52'),(29,'Orrin','Gusikowski','lauren56@example.net','593-847-3165x686','2011-05-08 19:57:23','1972-02-17 14:14:16'),(30,'Mercedes','Raynor','irving.wiza@example.net','09281485901','2008-06-13 02:54:46','1999-07-22 20:49:56'),(31,'Elton','Welch','tmante@example.com','+31(8)4416831023','1997-12-06 08:34:17','2001-12-01 22:26:22'),(32,'Gregory','Ferry','mariela10@example.net','524-528-8735x459','1977-06-14 05:58:20','2013-01-04 19:32:24'),(33,'Marlene','Romaguera','mose56@example.com','662-966-0720x18192','2003-01-13 04:06:43','1991-12-08 17:15:09'),(34,'Lilla','Crooks','bernhard.liliane@example.com','(492)901-5302x96847','1978-02-21 12:36:23','1994-11-11 04:03:09'),(35,'Porter','Bogisich','durgan.clarabelle@example.com','855.163.6890x557','1989-12-27 20:31:08','1977-12-02 19:50:35'),(36,'Dovie','Kilback','gspinka@example.net','633-861-2927','2010-07-11 06:12:31','1983-05-22 11:46:02'),(37,'Rebekah','Johnson','ijaskolski@example.com','299.693.5134x004','1992-03-23 01:40:47','1999-04-11 16:33:56'),(38,'Kaia','Pfannerstill','peyton.krajcik@example.com','042-296-3246x61890','1986-12-31 06:03:21','2002-03-01 06:06:56'),(39,'Newell','Wehner','yost.lexus@example.net','(521)929-1487','1997-05-30 11:25:51','1993-06-24 00:26:16'),(40,'Ellen','Schuster','pacocha.vernie@example.com','(756)393-1566x080','2010-02-16 11:09:11','1988-07-26 02:55:18'),(41,'Brannon','Jones','blubowitz@example.com','(455)190-5602x2607','2018-08-02 18:27:43','2006-03-17 16:54:25'),(42,'Trey','Kunde','kelton.larson@example.net','911-284-8706x780','1994-06-26 20:12:51','1978-07-01 11:14:34'),(43,'Darrin','Green','veda12@example.net','1-075-348-9205','1992-01-04 02:49:00','2001-10-13 08:13:54'),(44,'Heather','Franecki','virginia24@example.net','022-393-7936','1990-03-29 05:11:01','1980-02-21 19:30:26'),(45,'Georgianna','Runolfsson','addie.mcdermott@example.net','1-710-108-3589','1975-03-05 16:23:34','1998-01-13 08:13:15'),(46,'Obie','Mann','ransom03@example.org','+16(2)6547605491','1978-02-21 20:00:37','1970-04-29 11:47:02'),(47,'Godfrey','Padberg','katlynn.roob@example.com','853.857.9877x306','1999-07-27 16:57:26','2006-04-19 10:47:48'),(48,'Roel','Becker','fbogisich@example.org','(803)358-5587x593','1979-12-07 02:39:44','1997-05-04 14:40:13'),(49,'Brenden','Conn','corkery.daniella@example.org','(395)237-1773','1973-11-10 12:30:51','2000-06-01 21:50:27'),(50,'Marianna','Walter','zkuphal@example.org','025-658-7630x0103','2011-10-01 13:33:49','1970-06-20 17:40:07'),(51,'Janice','Leuschke','brycen04@example.org','220-261-7514x756','2020-01-27 05:35:30','1981-01-16 05:18:34'),(52,'Mathew','Bahringer','elissa.stracke@example.com','(582)960-3009','1987-02-16 20:51:23','1985-11-06 23:03:36'),(53,'Amir','Moore','janie62@example.com','06518554514','2001-06-07 06:04:34','2017-01-29 12:05:07'),(54,'Rhett','Schamberger','krystina93@example.com','1-825-649-2793x30192','2015-12-08 16:53:24','1989-02-10 08:46:53'),(55,'Ezekiel','Harvey','lschmitt@example.net','+85(6)7621811792','1986-09-19 07:47:34','2014-11-23 03:19:39'),(56,'Alisa','Haley','garrett.klocko@example.net','(002)039-4971x0749','2009-08-29 19:36:21','2016-01-29 05:43:32'),(57,'Adriel','Farrell','oma81@example.com','1-772-206-8153','2015-01-02 00:01:26','2019-06-26 23:48:45'),(58,'Genoveva','Walsh','esther70@example.org','1-591-233-1166','1971-07-19 12:43:12','1974-07-18 09:30:21'),(59,'Georgette','Bosco','tina48@example.org','(632)896-4506','1999-12-14 20:15:25','2001-12-21 18:21:09'),(60,'Renee','Luettgen','balistreri.elfrieda@example.org','162-262-5160x00860','1988-04-15 05:11:47','1986-06-10 14:08:00'),(61,'Jerry','Kautzer','cberge@example.net','+16(9)1086461590','1999-05-07 19:01:29','1987-07-01 08:04:56'),(62,'Buck','Wiza','xjacobi@example.org','353-343-0471x165','2010-01-29 04:53:56','2007-10-27 15:31:02'),(63,'Earnestine','Mosciski','clind@example.net','823.615.0992','1995-11-24 15:47:04','1984-12-02 00:36:26'),(64,'Hollis','Kuphal','einar.davis@example.com','(468)523-5427','1992-06-30 20:37:12','2004-06-29 05:22:07'),(65,'Durward','Rowe','fmarvin@example.net','428-449-5729x60099','2012-09-13 09:49:30','2013-02-14 06:26:43'),(66,'Breanna','Keeling','bupton@example.net','+21(6)6671919729','2013-11-07 16:05:52','1992-12-24 11:15:21'),(67,'Maryse','Cruickshank','frances23@example.net','(011)132-8682x0046','2011-03-08 23:07:27','2019-09-14 02:27:42'),(68,'Shyanne','Bechtelar','orlo35@example.net','1-076-724-5026x794','1995-08-07 08:50:20','1998-07-17 16:10:55'),(69,'Maximus','Tremblay','hmayert@example.com','117.434.0866x3075','1993-12-10 13:52:50','1986-11-12 20:49:19'),(70,'Henriette','Runolfsdottir','abshire.willis@example.org','(426)108-3026','1998-11-16 01:01:02','1975-10-30 20:15:41'),(71,'Austyn','Herman','dayna.heidenreich@example.net','719-737-5107x76311','1998-11-04 06:42:26','1996-09-18 13:17:33'),(72,'Katelynn','Runte','ulises37@example.net','623-190-7807','1999-03-23 01:57:27','1989-01-29 00:33:27'),(73,'Marion','Hyatt','iliana77@example.com','+54(8)6204143655','1990-08-23 17:58:03','1999-06-14 22:54:25'),(74,'Sandy','Hoeger','fay.carole@example.org','1-421-309-3882','1995-09-23 06:06:23','2007-10-08 11:21:49'),(75,'Lukas','Keeling','ryan94@example.net','(822)296-7387x97413','1989-05-12 13:41:23','1991-11-12 04:10:25'),(76,'Caleigh','Glover','bulah.braun@example.com','411-489-6983x1487','2011-07-25 01:14:05','1985-01-24 17:54:08'),(77,'Kristofer','Bosco','dare.roel@example.net','718.600.6673x330','1995-08-01 20:51:24','1972-12-31 09:59:46'),(78,'Princess','Rau','harrison97@example.com','+65(3)9324086386','1996-12-05 14:41:54','1985-12-14 00:13:16'),(79,'Sofia','Brekke','neil.abbott@example.net','915-047-6665','2000-09-03 02:00:55','1995-09-30 21:48:09'),(80,'Cordie','Christiansen','cconsidine@example.org','07873130700','2010-02-27 14:45:11','1984-04-04 16:10:22'),(81,'Laurie','Moen','fbechtelar@example.net','(933)478-3117x99415','2015-06-25 00:02:01','2020-02-20 16:10:36'),(82,'Rosendo','Klein','smacejkovic@example.net','1-209-738-6988x60974','1975-03-18 02:49:16','2010-10-03 15:25:17'),(83,'Krystal','Will','thiel.americo@example.org','(937)193-9725','2015-08-23 17:12:42','1988-08-09 09:51:42'),(84,'Frederic','Mills','kiley13@example.org','(954)243-7836x85864','2008-12-16 18:59:21','2003-11-07 02:26:38'),(85,'Krista','Purdy','hfriesen@example.com','(938)290-2023x5952','1991-06-10 21:41:13','1974-03-27 22:38:36'),(86,'Tatyana','Kutch','rosemarie.wiegand@example.com','1-810-547-3553x53254','1980-05-24 11:28:42','1980-07-24 02:17:55'),(87,'Ignatius','Kuphal','ihartmann@example.net','065.968.5654','1981-12-03 22:05:39','1977-01-15 03:07:09'),(88,'Elwin','Schimmel','bernardo.collier@example.net','1-736-781-0388x8900','2008-12-01 13:27:10','2006-05-14 20:07:11'),(89,'Reyna','Daniel','shirley.o\'conner@example.org','(595)096-6046','1977-07-23 03:54:02','1999-05-26 04:39:20'),(90,'Aliya','Davis','tking@example.com','1-403-781-0494x33430','2004-06-14 02:49:23','1990-10-18 12:56:34'),(91,'Daisha','Shanahan','powlowski.elisa@example.com','909-313-2598','1998-10-23 17:45:55','2013-05-18 13:00:55'),(92,'Darby','Cronin','adrain.morissette@example.net','993-613-7314','1992-11-08 04:01:51','2005-05-02 11:39:15'),(93,'Nils','Durgan','askiles@example.net','07161598415','2015-08-05 10:17:16','2002-06-02 18:31:01'),(94,'Shaylee','Johnston','reinger.frances@example.net','1-518-987-2458x0059','1974-01-28 02:45:44','1993-12-03 09:56:46'),(95,'Josiah','Weimann','ethelyn.wuckert@example.net','468-653-2519x13333','1970-09-18 01:10:25','1974-06-02 05:43:50'),(96,'Assunta','Mitchell','hilpert.demarco@example.net','(637)272-9227x067','1984-10-04 21:58:56','1971-11-07 03:01:46'),(97,'Felipa','Borer','vanessa.corwin@example.net','1-343-371-3915','1999-04-21 09:49:46','1999-11-07 23:19:36'),(98,'Ervin','Steuber','rau.roxane@example.com','1-621-334-9306','1978-11-12 20:47:01','2010-04-30 03:36:16'),(99,'Letha','Davis','ramona89@example.org','(669)213-2681x34365','1992-07-29 17:17:10','1992-01-05 16:33:06'),(100,'Rosina','Leffler','ecartwright@example.net','07626216601','1973-02-25 13:02:02','1988-04-28 14:51:30');
/*!40000 ALTER TABLE `users` ENABLE KEYS */;
UNLOCK TABLES;
/*!40103 SET TIME_ZONE=@OLD_TIME_ZONE */;

/*!40101 SET SQL_MODE=@OLD_SQL_MODE */;
/*!40014 SET FOREIGN_KEY_CHECKS=@OLD_FOREIGN_KEY_CHECKS */;
/*!40014 SET UNIQUE_CHECKS=@OLD_UNIQUE_CHECKS */;
/*!40101 SET CHARACTER_SET_CLIENT=@OLD_CHARACTER_SET_CLIENT */;
/*!40101 SET CHARACTER_SET_RESULTS=@OLD_CHARACTER_SET_RESULTS */;
/*!40101 SET COLLATION_CONNECTION=@OLD_COLLATION_CONNECTION */;
/*!40111 SET SQL_NOTES=@OLD_SQL_NOTES */;

-- Dump completed on 2020-10-22 10:27:04
