-- MySQL dump 10.13  Distrib 8.0.21, for Linux (x86_64)
--
-- Host: localhost    Database: vk
-- ------------------------------------------------------
-- Server version	8.0.21-0ubuntu0.20.04.4

/*!40101 SET @OLD_CHARACTER_SET_CLIENT=@@CHARACTER_SET_CLIENT */;
/*!40101 SET @OLD_CHARACTER_SET_RESULTS=@@CHARACTER_SET_RESULTS */;
/*!40101 SET @OLD_COLLATION_CONNECTION=@@COLLATION_CONNECTION */;
/*!50503 SET NAMES utf8mb4 */;
/*!40103 SET @OLD_TIME_ZONE=@@TIME_ZONE */;
/*!40103 SET TIME_ZONE='+00:00' */;
/*!40014 SET @OLD_UNIQUE_CHECKS=@@UNIQUE_CHECKS, UNIQUE_CHECKS=0 */;
/*!40014 SET @OLD_FOREIGN_KEY_CHECKS=@@FOREIGN_KEY_CHECKS, FOREIGN_KEY_CHECKS=0 */;
/*!40101 SET @OLD_SQL_MODE=@@SQL_MODE, SQL_MODE='NO_AUTO_VALUE_ON_ZERO' */;
/*!40111 SET @OLD_SQL_NOTES=@@SQL_NOTES, SQL_NOTES=0 */;

--
-- Table structure for table `communities`
--

DROP TABLE IF EXISTS `communities`;
/*!40101 SET @saved_cs_client     = @@character_set_client */;
/*!50503 SET character_set_client = utf8mb4 */;
CREATE TABLE `communities` (
  `id` int unsigned NOT NULL AUTO_INCREMENT COMMENT 'Идентификатор сроки',
  `name` varchar(150) CHARACTER SET utf8 COLLATE utf8_unicode_ci NOT NULL COMMENT 'Название группы',
  `created_at` datetime DEFAULT CURRENT_TIMESTAMP COMMENT 'Время создания строки',
  `updated_at` datetime DEFAULT CURRENT_TIMESTAMP ON UPDATE CURRENT_TIMESTAMP COMMENT 'Время обновления строки',
  PRIMARY KEY (`id`),
  UNIQUE KEY `name` (`name`)
) ENGINE=InnoDB AUTO_INCREMENT=101 DEFAULT CHARSET=utf8 COLLATE=utf8_unicode_ci COMMENT='Группы';
/*!40101 SET character_set_client = @saved_cs_client */;

--
-- Dumping data for table `communities`
--

LOCK TABLES `communities` WRITE;
/*!40000 ALTER TABLE `communities` DISABLE KEYS */;
INSERT INTO `communities` VALUES (1,'autem','1991-06-17 16:36:45','1994-09-07 14:08:54'),(2,'vel','1992-07-11 01:14:53','1986-09-18 02:26:00'),(3,'accusantium','2001-04-27 04:28:39','1995-04-29 02:31:46'),(4,'aut','1987-10-02 13:04:53','1989-10-05 01:56:01'),(5,'et','2002-08-06 22:02:44','2018-11-30 23:45:57'),(6,'omnis','1985-10-23 00:19:31','2000-11-12 05:41:34'),(7,'quia','1985-06-16 07:05:43','2008-05-12 12:15:07'),(8,'molestiae','2019-05-11 04:19:21','1970-11-07 08:23:46'),(9,'consequatur','2015-10-08 10:23:02','1986-08-22 22:56:33'),(10,'velit','2018-10-11 14:35:45','1983-02-07 14:35:00'),(11,'est','2004-09-11 04:25:03','2008-06-12 06:19:33'),(12,'exercitationem','1971-11-21 00:55:20','2002-06-15 02:39:32'),(13,'aliquid','1985-08-20 22:06:47','2006-10-01 02:44:25'),(14,'mollitia','2017-12-20 15:46:02','1992-07-16 16:44:56'),(15,'non','1990-04-09 02:37:15','2019-03-24 00:46:45'),(16,'nesciunt','1983-04-13 06:22:43','1996-05-13 23:26:14'),(17,'ut','1997-09-12 03:01:13','2015-11-05 19:47:20'),(18,'id','2003-12-21 17:22:14','2011-08-08 20:07:31'),(19,'nam','1976-10-28 19:49:51','1976-10-07 00:23:50'),(20,'ad','2011-05-10 16:29:06','2011-08-12 04:29:53');
/*!40000 ALTER TABLE `communities` ENABLE KEYS */;
UNLOCK TABLES;

--
-- Table structure for table `communities_users`
--

DROP TABLE IF EXISTS `communities_users`;
/*!40101 SET @saved_cs_client     = @@character_set_client */;
/*!50503 SET character_set_client = utf8mb4 */;
CREATE TABLE `communities_users` (
  `community_id` int unsigned NOT NULL COMMENT 'Ссылка на группу',
  `user_id` int unsigned NOT NULL COMMENT 'Ссылка на пользователя',
  `created_at` datetime DEFAULT CURRENT_TIMESTAMP COMMENT 'Время создания строки',
  PRIMARY KEY (`community_id`,`user_id`) COMMENT 'Составной первичный ключ'
) ENGINE=InnoDB DEFAULT CHARSET=utf8 COLLATE=utf8_unicode_ci COMMENT='Участники групп, связь между пользователями и группами';
/*!40101 SET character_set_client = @saved_cs_client */;

--
-- Dumping data for table `communities_users`
--

LOCK TABLES `communities_users` WRITE;
/*!40000 ALTER TABLE `communities_users` DISABLE KEYS */;
INSERT INTO `communities_users` VALUES (1,6,'1999-08-30 09:33:22'),(1,21,'1992-12-13 14:32:27'),(1,30,'2005-07-22 20:16:47'),(1,79,'2003-09-30 12:35:16'),(1,84,'1994-07-09 15:20:13'),(1,95,'1981-07-11 03:45:12'),(2,55,'2017-09-13 14:32:39'),(2,85,'1981-02-11 06:31:49'),(2,88,'1996-10-13 07:13:52'),(2,94,'2008-11-05 15:39:09'),(3,7,'1977-07-30 10:48:08'),(3,33,'1976-08-02 08:17:42'),(3,79,'1988-08-25 02:17:46'),(3,96,'1978-08-17 13:03:04'),(3,100,'1972-10-11 02:29:50'),(4,12,'2010-08-13 04:35:13'),(4,23,'1989-07-20 07:32:50'),(4,24,'1975-03-06 04:09:09'),(4,35,'1986-02-04 10:42:11'),(5,7,'1994-11-28 19:19:31'),(5,10,'1974-09-26 17:12:32'),(5,16,'2001-10-22 13:49:57'),(5,25,'1975-08-10 01:34:34'),(5,29,'2011-01-11 10:54:42'),(6,28,'1987-08-30 16:02:03'),(6,38,'2013-08-28 23:12:27'),(6,82,'1972-08-13 17:24:35'),(6,89,'1970-07-15 03:46:41'),(7,33,'2002-02-18 04:34:56'),(7,56,'2016-11-27 11:52:46'),(8,69,'1986-05-04 22:52:55'),(8,93,'2019-09-21 20:01:34'),(8,100,'2005-10-26 11:21:41'),(9,17,'1985-09-20 21:47:20'),(9,24,'1973-07-10 09:30:50'),(9,27,'1997-03-30 14:10:53'),(9,30,'2010-03-17 09:58:44'),(9,51,'1983-09-02 19:41:36'),(9,88,'1991-11-22 04:02:47'),(10,10,'2017-03-07 16:16:54'),(10,29,'1990-11-25 13:07:50'),(10,69,'2019-07-29 21:40:31'),(10,78,'2020-08-01 14:04:09'),(11,9,'2010-04-30 00:00:42'),(11,34,'1970-11-13 15:34:24'),(11,70,'1988-09-09 06:38:40'),(11,91,'2018-04-27 01:20:40'),(11,93,'1970-11-11 08:35:32'),(12,4,'1985-11-18 15:05:12'),(12,29,'2007-09-05 05:53:23'),(12,59,'1975-03-27 04:15:06'),(12,67,'1972-01-08 18:26:04'),(12,70,'1985-01-19 12:56:31'),(12,84,'1990-11-29 18:52:35'),(13,13,'1980-03-11 03:34:55'),(13,17,'1999-07-18 18:45:50'),(13,26,'1981-11-16 11:20:50'),(13,54,'1982-08-25 06:03:38'),(14,44,'1986-06-14 21:28:50'),(14,59,'2010-08-26 11:52:00'),(14,60,'2013-02-02 02:21:11'),(14,62,'2020-03-13 03:41:39'),(14,63,'1970-08-17 12:41:45'),(14,100,'1975-05-23 07:43:56'),(15,3,'1984-05-28 19:16:37'),(15,41,'1978-10-13 14:43:05'),(15,67,'1987-08-26 21:58:12'),(16,17,'2004-10-10 17:04:39'),(16,44,'2019-10-21 19:55:09'),(16,94,'1983-04-21 17:12:47'),(17,2,'1983-11-30 21:55:55'),(17,6,'2017-09-11 03:05:23'),(17,53,'1990-09-08 13:22:06'),(17,69,'2001-06-06 06:23:14'),(17,86,'1986-04-07 01:09:34'),(17,89,'2019-06-13 05:26:47'),(18,1,'1978-06-28 09:23:05'),(18,2,'1995-10-26 00:58:55'),(18,3,'2014-08-12 23:41:48'),(18,13,'1980-07-13 01:36:33'),(18,20,'2006-03-03 01:38:02'),(18,39,'2013-03-19 03:20:05'),(19,20,'1985-07-14 08:32:45'),(19,29,'1984-06-24 06:07:08'),(19,42,'1980-02-27 16:49:25'),(19,48,'2005-05-31 14:53:00'),(19,58,'2004-09-28 05:41:30'),(19,74,'2001-11-23 15:28:54'),(19,75,'2013-07-08 11:55:06'),(19,95,'1990-12-05 22:34:51'),(19,97,'1978-08-05 15:56:47'),(20,7,'2004-10-08 01:22:10'),(20,8,'1973-08-30 20:19:43'),(20,13,'1985-07-03 04:13:28'),(20,17,'1999-06-04 22:07:18'),(20,33,'2002-04-11 23:27:45'),(20,35,'2017-02-21 00:04:53'),(20,55,'2020-08-13 22:13:07'),(20,69,'1971-08-24 00:25:09'),(20,82,'1970-04-05 20:18:46');
/*!40000 ALTER TABLE `communities_users` ENABLE KEYS */;
UNLOCK TABLES;

--
-- Table structure for table `friendship`
--

DROP TABLE IF EXISTS `friendship`;
/*!40101 SET @saved_cs_client     = @@character_set_client */;
/*!50503 SET character_set_client = utf8mb4 */;
CREATE TABLE `friendship` (
  `user_id` int unsigned NOT NULL COMMENT 'Ссылка на инициатора дружеских отношений',
  `friend_id` int unsigned NOT NULL COMMENT 'Ссылка на получателя приглашения дружить',
  `status_id` int unsigned NOT NULL COMMENT 'Ссылка на статус (текущее состояние) отношений',
  `requested_at` datetime DEFAULT CURRENT_TIMESTAMP COMMENT 'Время отправления приглашения дружить',
  `confirmed_at` datetime DEFAULT NULL COMMENT 'Время подтверждения приглашения',
  `created_at` datetime DEFAULT CURRENT_TIMESTAMP COMMENT 'Время создания строки',
  `updated_at` datetime DEFAULT CURRENT_TIMESTAMP ON UPDATE CURRENT_TIMESTAMP COMMENT 'Время обновления строки',
  PRIMARY KEY (`user_id`,`friend_id`) COMMENT 'Составной первичный ключ'
) ENGINE=InnoDB DEFAULT CHARSET=utf8 COLLATE=utf8_unicode_ci COMMENT='Таблица дружбы';
/*!40101 SET character_set_client = @saved_cs_client */;

--
-- Dumping data for table `friendship`
--

LOCK TABLES `friendship` WRITE;
/*!40000 ALTER TABLE `friendship` DISABLE KEYS */;
INSERT INTO `friendship` VALUES (1,48,2,'2009-03-14 22:17:42','1985-07-10 09:37:12','1981-09-02 20:48:14','2020-08-27 23:18:52'),(2,46,3,'2013-10-16 10:36:17','1983-11-14 07:48:12','1986-06-30 14:04:28','2020-08-27 23:18:52'),(3,86,3,'1997-08-23 04:11:54','1996-11-30 07:57:30','1991-11-09 23:48:43','2020-08-27 23:15:33'),(4,90,1,'1981-04-13 23:16:44','2015-04-29 18:32:57','1991-08-05 18:48:16','2020-08-27 23:18:52'),(5,93,1,'1973-07-16 01:16:16','2001-05-01 06:21:24','1992-08-12 09:01:23','2020-08-27 23:18:52'),(6,93,1,'1996-06-09 00:00:39','1970-05-09 00:54:11','1985-03-16 10:31:23','2020-08-27 23:18:52'),(7,86,3,'1990-10-19 07:07:31','1981-08-12 17:39:42','1996-08-23 05:57:00','2020-08-27 23:18:52'),(8,51,3,'2010-01-24 23:51:06','2010-02-16 05:30:00','1976-10-23 18:58:14','2020-08-27 23:18:52'),(9,98,1,'2009-01-06 08:48:54','1991-03-31 18:22:19','1990-02-22 03:18:33','2020-08-27 23:18:52'),(10,35,2,'1983-07-20 02:28:46','1986-12-28 04:12:28','2003-12-20 14:00:39','2020-08-27 23:18:52'),(11,82,2,'1970-04-11 08:59:39','2009-09-14 23:28:50','2012-01-31 06:55:36','2020-08-27 23:18:52'),(12,4,1,'1970-01-02 11:21:46','1970-01-10 22:22:29','1989-06-23 05:55:27','2020-08-27 23:18:52'),(13,73,1,'1982-10-15 14:15:50','1992-09-14 22:28:00','2002-04-07 03:37:48','2020-08-27 23:18:52'),(14,53,2,'1971-05-04 02:43:19','1984-05-31 07:42:38','1992-07-27 22:48:34','2020-08-27 23:18:52'),(15,44,3,'2013-01-03 11:30:14','2013-04-24 05:58:45','2019-01-31 00:31:29','2020-08-27 23:18:52'),(16,63,2,'1973-02-10 14:55:48','1980-04-06 05:31:15','1985-11-30 18:53:48','2020-08-27 23:18:52'),(17,81,3,'1987-03-18 15:57:58','1995-09-22 05:58:01','1997-01-15 14:45:57','2020-08-27 23:18:52'),(18,16,2,'1975-08-31 18:18:11','1972-05-08 17:28:42','1987-11-30 15:38:03','2020-08-27 23:18:52'),(19,35,3,'2013-03-04 03:05:00','1971-12-08 16:35:05','2005-02-25 04:26:49','2020-08-27 23:18:52'),(20,26,2,'2004-10-13 21:28:49','1995-09-24 01:31:49','1979-04-01 19:46:46','2020-08-27 23:18:52'),(21,25,3,'1983-07-23 04:16:14','2006-09-29 11:45:00','2014-12-22 19:31:23','2020-08-27 23:18:52'),(22,46,3,'2017-10-14 16:04:32','1995-07-26 18:12:54','1981-06-06 10:50:48','2020-08-27 23:18:52'),(23,56,3,'2000-03-04 13:27:43','1999-08-29 19:28:05','1973-11-28 04:42:06','2020-08-27 23:18:52'),(24,39,2,'1971-09-15 04:16:07','1970-10-20 22:27:15','1986-04-09 20:10:58','2020-08-27 23:18:52'),(25,28,3,'2005-02-25 18:49:14','1991-03-20 20:29:50','2007-07-06 13:54:39','2020-08-27 23:18:52'),(26,22,2,'1973-06-16 11:17:16','1991-08-26 18:28:50','2002-01-07 00:03:38','2020-08-27 23:18:52'),(27,27,3,'1995-01-26 23:10:16','2008-03-14 15:33:36','1988-01-29 00:17:37','2020-08-27 23:18:52'),(28,69,2,'1981-01-06 00:58:09','1981-02-21 22:50:25','1993-02-09 03:35:29','2020-08-27 23:18:52'),(29,64,2,'2005-03-18 05:14:32','1973-07-01 22:04:52','2008-07-26 00:50:52','2020-08-27 23:18:52'),(30,14,1,'2015-08-23 07:14:59','1973-12-05 15:57:27','1998-06-29 09:32:25','2020-08-27 23:18:52'),(31,74,3,'2007-12-12 19:47:17','1986-11-15 07:34:30','2005-05-18 06:24:12','2020-08-27 23:18:52'),(32,27,3,'1970-10-31 23:09:31','1980-01-12 04:26:18','1983-05-10 02:36:43','2020-08-27 23:18:52'),(33,15,1,'1975-10-24 01:59:47','1993-05-30 17:08:09','1973-11-07 20:55:20','2020-08-27 23:18:52'),(34,90,2,'1972-03-15 16:02:29','2013-09-08 21:23:23','1983-06-20 22:54:46','2020-08-27 23:18:52'),(35,8,3,'1993-03-21 22:09:30','2006-02-28 02:51:52','1993-08-08 14:37:44','2020-08-27 23:18:52'),(36,70,3,'2017-04-18 16:23:25','1986-03-01 00:28:01','1978-09-06 03:25:12','2020-08-27 23:18:52'),(37,25,3,'1985-11-11 07:45:36','2011-05-23 04:43:37','2015-06-03 20:19:31','2020-08-27 23:18:52'),(38,13,2,'1970-10-07 19:19:52','1978-10-26 10:38:41','1989-03-07 10:38:41','2020-08-27 23:18:52'),(39,88,1,'2002-08-23 13:52:54','1995-07-23 04:01:22','1982-11-18 11:09:00','2020-08-27 23:18:52'),(40,3,1,'1978-05-03 14:59:28','2009-04-02 14:03:58','2013-06-12 14:14:00','2020-08-27 23:18:52'),(41,50,2,'1998-01-26 23:50:33','1993-12-20 15:44:31','1988-08-31 18:30:12','2020-08-27 23:18:52'),(42,41,3,'2019-07-03 07:35:46','1990-03-11 06:30:59','2017-11-18 18:25:06','2020-08-27 23:18:52'),(43,53,1,'1977-05-19 12:38:23','1970-01-04 21:56:34','2010-12-30 07:46:42','2020-08-27 23:18:52'),(44,41,1,'1976-12-21 08:40:40','2014-06-29 20:55:34','1974-05-04 17:47:01','2020-08-27 23:18:52'),(45,45,3,'1998-03-12 14:02:23','2018-12-18 20:56:42','2008-05-30 05:07:29','2020-08-27 23:18:52'),(46,1,1,'1973-02-17 19:46:01','2020-03-27 12:22:49','2013-08-28 10:11:16','2020-08-27 23:18:52'),(47,71,2,'1976-12-12 03:01:17','1991-07-03 23:20:31','1972-06-13 21:20:18','2020-08-27 23:18:52'),(48,50,2,'2000-03-02 08:54:56','1988-05-01 06:22:58','1992-07-04 11:45:26','2020-08-27 23:18:52'),(49,38,2,'2002-08-14 02:51:00','1994-10-26 09:02:01','2005-07-31 19:46:41','2020-08-27 23:18:52'),(50,37,1,'1992-09-05 22:29:21','2013-04-28 07:18:23','1990-07-15 17:13:46','2020-08-27 23:18:52'),(51,74,3,'2011-11-20 15:23:09','1973-08-17 04:05:33','2013-03-25 05:21:20','2020-08-27 23:18:52'),(52,57,2,'2005-09-14 06:46:51','2013-02-13 10:37:14','1971-01-06 16:26:14','2020-08-27 23:18:52'),(53,63,1,'2015-05-24 16:50:20','1988-11-01 18:57:02','1983-03-26 23:09:24','2020-08-27 23:18:52'),(54,45,3,'1987-05-17 20:14:51','1995-04-29 09:53:33','2007-10-31 23:03:27','2020-08-27 23:18:52'),(55,34,3,'1975-10-04 19:18:23','2002-05-09 17:36:08','1991-12-15 08:20:18','2020-08-27 23:18:52'),(56,34,2,'2006-08-01 08:39:08','1974-09-19 12:53:43','2011-12-26 04:40:11','2020-08-27 23:18:52'),(57,68,2,'1985-05-07 19:39:44','1995-10-24 08:46:49','2010-01-13 16:40:07','2020-08-27 23:18:52'),(58,39,2,'2014-04-14 15:39:37','2010-02-24 03:41:11','1999-11-26 06:28:40','2020-08-27 23:18:52'),(59,90,2,'1980-08-29 15:21:22','1975-12-08 07:16:07','2005-02-28 09:07:49','2020-08-27 23:18:52'),(60,34,1,'2008-04-14 14:33:16','2016-07-13 10:30:00','2016-08-29 02:23:55','2020-08-27 23:18:52'),(61,99,2,'2009-06-26 06:34:58','1989-03-23 10:08:29','2010-06-17 10:24:59','2020-08-27 23:18:52'),(62,92,2,'2018-07-05 23:50:37','1991-05-24 03:30:39','1979-09-01 14:33:00','2020-08-27 23:18:52'),(63,63,2,'1999-10-28 09:49:50','1975-04-15 05:51:50','2010-04-13 09:04:46','2020-08-27 23:18:52'),(64,40,2,'2014-09-17 02:27:10','1977-01-01 02:42:49','2017-11-23 13:48:42','2020-08-27 23:18:52'),(65,9,3,'2015-04-25 07:00:29','1995-04-12 22:11:29','1991-12-05 03:21:56','2020-08-27 23:18:52'),(66,23,3,'2010-11-28 02:07:01','2016-01-16 22:50:20','1977-09-21 23:03:33','2020-08-27 23:18:52'),(67,89,3,'2003-09-06 05:40:21','1985-01-06 09:54:59','2014-10-06 02:27:37','2020-08-27 23:18:52'),(68,74,2,'1994-11-29 11:02:55','1981-06-30 13:03:37','1990-02-12 04:31:50','2020-08-27 23:18:52'),(69,3,3,'1994-02-18 12:00:43','2003-05-03 03:51:55','2002-12-03 23:53:26','2020-08-27 23:18:52'),(70,95,3,'1991-02-02 15:25:03','2019-07-26 00:15:10','2011-09-19 12:25:17','2020-08-27 23:18:52'),(71,62,1,'2001-05-28 18:04:21','2013-11-21 16:48:26','1971-12-26 03:32:24','2020-08-27 23:18:52'),(72,27,2,'1999-01-21 16:43:53','1994-07-02 23:52:26','1977-06-27 09:50:40','2020-08-27 23:18:52'),(73,47,1,'1998-06-18 22:06:40','2013-04-28 14:16:38','1985-09-16 13:58:56','2020-08-27 23:18:52'),(74,55,3,'1974-01-10 05:40:28','2004-07-14 11:52:11','2009-09-05 16:32:50','2020-08-27 23:18:52'),(75,33,3,'1999-11-04 23:51:35','2006-08-10 21:21:06','2018-06-21 20:00:47','2020-08-27 23:18:52'),(76,99,1,'1982-12-07 19:41:23','1990-05-01 23:33:02','2013-09-05 13:46:20','2020-08-27 23:18:52'),(77,96,2,'2005-10-20 03:32:26','2009-09-27 00:09:35','2018-08-09 18:02:31','2020-08-27 23:18:52'),(78,80,2,'1987-02-20 17:11:11','1986-02-19 16:35:07','2007-06-22 23:25:26','2020-08-27 23:18:52'),(79,14,2,'2020-05-29 10:21:58','2008-08-01 22:09:15','1984-04-11 20:02:41','2020-08-27 23:18:52'),(80,30,1,'2007-01-11 21:53:10','2018-02-14 18:47:11','1991-02-02 20:47:30','2020-08-27 23:18:52'),(81,5,3,'1975-06-25 12:58:58','2016-12-02 06:16:28','2004-11-25 04:48:35','2020-08-27 23:18:52'),(82,38,2,'2016-03-16 22:09:42','1983-09-29 07:27:18','1972-06-30 16:05:43','2020-08-27 23:18:52'),(83,71,1,'1971-08-02 13:35:14','2004-03-30 09:53:06','2013-02-06 12:00:42','2020-08-27 23:18:52'),(84,41,2,'2001-06-28 23:14:12','1974-02-01 09:32:09','2013-02-06 11:54:05','2020-08-27 23:18:52'),(85,93,3,'1991-01-06 08:07:32','2005-04-01 10:15:06','2001-09-29 17:55:02','2020-08-27 23:18:52'),(86,41,2,'1993-03-10 16:48:30','1993-06-14 22:29:11','1997-03-01 08:38:30','2020-08-27 23:18:52'),(87,27,2,'1998-07-17 14:08:08','1978-07-24 12:56:06','2011-01-19 05:47:14','2020-08-27 23:18:52'),(88,11,1,'2011-04-13 09:26:46','1997-01-29 15:41:00','1985-03-20 23:56:40','2020-08-27 23:18:52'),(89,72,3,'2013-04-13 17:06:14','1972-03-25 00:07:41','2014-01-31 16:20:46','2020-08-27 23:18:52'),(90,28,3,'2016-01-30 22:29:24','1997-01-24 22:24:25','2002-02-11 23:39:10','2020-08-27 23:18:52'),(91,22,1,'2015-09-29 18:28:06','2010-05-22 22:33:43','1989-10-11 12:18:27','2020-08-27 23:18:52'),(92,26,3,'2001-05-09 01:38:35','1996-12-17 05:10:55','1994-01-10 11:31:33','2020-08-27 23:18:52'),(93,63,2,'1989-12-07 06:14:03','1995-07-29 10:50:31','2017-10-23 13:26:43','2020-08-27 23:18:52'),(94,39,1,'1991-07-18 14:11:06','1979-10-13 02:17:55','2017-07-09 00:44:30','2020-08-27 23:18:52'),(95,4,1,'1984-06-28 21:55:48','2008-01-13 23:42:12','2013-11-20 01:57:37','2020-08-27 23:18:52'),(96,1,3,'1970-04-24 19:18:56','2007-05-29 22:12:33','1999-10-01 01:30:11','2020-08-27 23:18:52'),(97,93,2,'2014-11-14 05:11:50','2011-12-31 08:13:26','2011-12-11 22:51:04','2020-08-27 23:18:52'),(98,63,2,'2017-09-11 12:12:50','1998-10-28 01:38:27','1999-06-13 21:41:14','2020-08-27 23:18:52'),(99,37,1,'2015-12-28 04:25:05','1983-02-04 19:24:10','2014-02-28 07:02:02','2020-08-27 23:18:52'),(100,93,1,'2015-02-14 11:02:55','2015-02-10 18:02:09','2007-12-21 17:45:51','2020-08-27 23:18:52');
/*!40000 ALTER TABLE `friendship` ENABLE KEYS */;
UNLOCK TABLES;

--
-- Table structure for table `friendship_statuses`
--

DROP TABLE IF EXISTS `friendship_statuses`;
/*!40101 SET @saved_cs_client     = @@character_set_client */;
/*!50503 SET character_set_client = utf8mb4 */;
CREATE TABLE `friendship_statuses` (
  `id` int unsigned NOT NULL AUTO_INCREMENT COMMENT 'Идентификатор строки',
  `name` varchar(150) CHARACTER SET utf8 COLLATE utf8_unicode_ci NOT NULL COMMENT 'Название статуса',
  `created_at` datetime DEFAULT CURRENT_TIMESTAMP COMMENT 'Время создания строки',
  `updated_at` datetime DEFAULT CURRENT_TIMESTAMP ON UPDATE CURRENT_TIMESTAMP COMMENT 'Время обновления строки',
  PRIMARY KEY (`id`),
  UNIQUE KEY `name` (`name`)
) ENGINE=InnoDB DEFAULT CHARSET=utf8 COLLATE=utf8_unicode_ci COMMENT='Статусы дружбы';
/*!40101 SET character_set_client = @saved_cs_client */;

--
-- Dumping data for table `friendship_statuses`
--

LOCK TABLES `friendship_statuses` WRITE;
/*!40000 ALTER TABLE `friendship_statuses` DISABLE KEYS */;
/*!40000 ALTER TABLE `friendship_statuses` ENABLE KEYS */;
UNLOCK TABLES;

--
-- Table structure for table `media`
--

DROP TABLE IF EXISTS `media`;
/*!40101 SET @saved_cs_client     = @@character_set_client */;
/*!50503 SET character_set_client = utf8mb4 */;
CREATE TABLE `media` (
  `id` int unsigned NOT NULL AUTO_INCREMENT COMMENT 'Идентификатор строки',
  `user_id` int unsigned NOT NULL COMMENT 'Ссылка на пользователя, который загрузил файл',
  `filepath` varchar(255) CHARACTER SET utf8 COLLATE utf8_unicode_ci NOT NULL COMMENT 'Путь к файлу',
  `size` int NOT NULL COMMENT 'Размер файла',
  `metadata` longtext CHARACTER SET utf8mb4 COLLATE utf8mb4_bin COMMENT 'Метаданные файла',
  `media_type_id` int unsigned NOT NULL COMMENT 'Ссылка на тип контента',
  `created_at` datetime DEFAULT CURRENT_TIMESTAMP COMMENT 'Время создания строки',
  `updated_at` datetime DEFAULT CURRENT_TIMESTAMP ON UPDATE CURRENT_TIMESTAMP COMMENT 'Время обновления строки',
  PRIMARY KEY (`id`),
  CONSTRAINT `media_chk_1` CHECK (json_valid(`metadata`))
) ENGINE=InnoDB AUTO_INCREMENT=101 DEFAULT CHARSET=utf8 COLLATE=utf8_unicode_ci COMMENT='Медиафайлы';
/*!40101 SET character_set_client = @saved_cs_client */;

--
-- Dumping data for table `media`
--

LOCK TABLES `media` WRITE;
/*!40000 ALTER TABLE `media` DISABLE KEYS */;
INSERT INTO `media` VALUES (1,48,'sitBraun.jpeg',198679423,'{\"owner\":\"Leonor Schiller\"}',1,'2011-01-05 10:45:02','2020-08-27 23:03:45'),(2,17,'occaecatiOrn.png',39639497,'{\"owner\":\"Andre Reynolds\"}',3,'1983-11-24 04:01:37','2020-08-27 23:13:28'),(3,43,'nullaHowell.mp4',906800,'{\"owner\":\"Rodger Kunde\"}',3,'1995-08-19 14:38:01','2020-08-27 23:03:45'),(4,61,'nemoBergstrom.avi',81741415,'{\"owner\":\"Cathrine Bergnaum\"}',2,'1986-05-27 20:30:50','2020-08-27 23:13:28'),(5,78,'minimaHickle.avi',217820,'{\"owner\":\"Jamil Lynch\"}',1,'2009-03-30 04:59:03','2020-08-27 23:13:28'),(6,7,'maioresHowell.png',302943,'{\"owner\":\"Johnnie Hansen\"}',1,'1981-11-20 03:35:33','2020-08-27 23:13:28'),(7,99,'voluptatesFeeney.avi',423414,'{\"owner\":\"Keenan Schuster\"}',3,'1986-06-21 01:09:19','2020-08-27 23:13:28'),(8,74,'asperioresLarson.avi',89778590,'{\"owner\":\"Jordane Quigley\"}',1,'1994-12-06 00:02:22','2020-08-27 23:13:28'),(9,73,'isteSatterfield.jpeg',947623885,'{\"owner\":\"Mathilde Bosco\"}',3,'1982-07-18 12:07:23','2020-08-27 23:13:28'),(10,43,'harumKeebler.jpeg',3658706,'{\"owner\":\"Rodger Kunde\"}',2,'1980-11-26 18:53:31','2020-08-27 23:13:28'),(11,94,'estOrn.mp4',48947767,'{\"owner\":\"Ruthe Cartwright\"}',2,'1972-04-13 11:50:43','2020-08-27 23:13:28'),(12,41,'abFeeney.png',597675,'{\"owner\":\"Judson Bernhard\"}',1,'2014-12-03 22:02:45','2020-08-27 23:13:28'),(13,22,'sitKulas.jpeg',1092,'{\"owner\":\"Joannie Abernathy\"}',2,'2007-12-28 13:02:08','2020-08-27 23:13:28'),(14,88,'utKub.png',99141400,'{\"owner\":\"Itzel Kuphal\"}',1,'1988-09-15 22:12:11','2020-08-27 23:13:28'),(15,75,'excepturiVolkman.png',5475,'{\"owner\":\"Kaia Rippin\"}',2,'1972-02-13 14:02:25','2020-08-27 23:13:28'),(16,8,'quiaGerhold.png',84353,'{\"owner\":\"Ruthe Toy\"}',1,'1985-07-02 13:21:26','2020-08-27 23:13:28'),(17,13,'similiqueHowell.jpeg',33752719,'{\"owner\":\"Delpha Kemmer\"}',2,'1998-06-02 16:18:48','2020-08-27 23:13:28'),(18,43,'quosO\'Conner.avi',21910296,'{\"owner\":\"Rodger Kunde\"}',1,'1991-01-15 10:56:57','2020-08-27 23:13:28'),(19,77,'consecteturLittle.avi',8283329,'{\"owner\":\"Jasmin Shields\"}',2,'1974-01-30 14:29:43','2020-08-27 23:13:28'),(20,53,'suntSchinner.jpeg',651779,'{\"owner\":\"Jairo Senger\"}',3,'2008-07-01 09:36:43','2020-08-27 23:13:28'),(21,32,'corporisPaucek.jpeg',75675758,'{\"owner\":\"Jed Olson\"}',1,'1973-09-08 19:56:52','2020-08-27 23:13:28'),(22,4,'solutaOlson.avi',5654732,'{\"owner\":\"Kamryn Kulas\"}',3,'1990-01-12 15:41:45','2020-08-27 23:13:28'),(23,21,'autWill.mp4',43235648,'{\"owner\":\"Sienna Legros\"}',3,'1999-02-19 09:43:23','2020-08-27 23:13:28'),(24,92,'fugaQuigley.mp4',46692306,'{\"owner\":\"Meagan Kerluke\"}',2,'1991-08-04 11:11:15','2020-08-27 23:13:28'),(25,97,'nihilMcClure.avi',5553760,'{\"owner\":\"Kristopher Orn\"}',3,'2004-10-02 05:32:13','2020-08-27 23:13:28'),(26,8,'quiKonopelski.jpeg',53518806,'{\"owner\":\"Ruthe Toy\"}',2,'1977-03-01 16:52:55','2020-08-27 23:13:28'),(27,47,'nihilConnelly.avi',965809802,'{\"owner\":\"Monte Murphy\"}',3,'2016-07-15 02:21:46','2020-08-27 23:13:28'),(28,13,'exercitationemTillman.jpeg',40556762,'{\"owner\":\"Delpha Kemmer\"}',3,'1994-12-22 04:51:29','2020-08-27 23:13:28'),(29,24,'maximePadberg.png',42217394,'{\"owner\":\"Aurelie McClure\"}',3,'1991-05-23 07:09:21','2020-08-27 23:13:28'),(30,80,'dolorRomaguera.mp4',178959622,'{\"owner\":\"Melyssa Smitham\"}',1,'1972-01-09 21:48:22','2020-08-27 23:13:28'),(31,27,'remTillman.png',89406688,'{\"owner\":\"Ellsworth Senger\"}',1,'2014-09-23 22:51:02','2020-08-27 23:13:28'),(32,95,'rerumMarvin.mp4',30678,'{\"owner\":\"Joanne Swift\"}',1,'2002-10-03 03:35:21','2020-08-27 23:13:28'),(33,92,'minimaMurazik.avi',20371262,'{\"owner\":\"Meagan Kerluke\"}',2,'1979-02-28 00:29:35','2020-08-27 23:13:28'),(34,75,'cumPadberg.mp4',28327742,'{\"owner\":\"Kaia Rippin\"}',3,'1971-07-20 14:28:39','2020-08-27 23:13:28'),(35,97,'voluptatemRomaguera.mp4',33626248,'{\"owner\":\"Kristopher Orn\"}',2,'1985-07-24 06:35:41','2020-08-27 23:13:28'),(36,62,'aliquidCartwright.png',177244,'{\"owner\":\"Lamont Kub\"}',3,'2005-08-06 00:27:47','2020-08-27 23:13:28'),(37,18,'sitShields.png',63575,'{\"owner\":\"Aurelie Kilback\"}',1,'2013-07-26 17:17:22','2020-08-27 23:13:28'),(38,3,'omnisSatterfield.png',7007459,'{\"owner\":\"Marcia Smitham\"}',2,'2017-01-03 13:12:27','2020-08-27 23:13:28'),(39,61,'estMann.png',34148553,'{\"owner\":\"Cathrine Bergnaum\"}',3,'2003-08-27 22:42:38','2020-08-27 23:13:28'),(40,95,'illoKeebler.avi',449661839,'{\"owner\":\"Joanne Swift\"}',3,'1997-12-11 08:14:53','2020-08-27 23:13:28'),(41,92,'quasKub.png',21463,'{\"owner\":\"Meagan Kerluke\"}',3,'1985-07-14 07:23:49','2020-08-27 23:13:28'),(42,75,'repellendusHeaney.jpeg',49710392,'{\"owner\":\"Kaia Rippin\"}',2,'1980-08-28 01:27:11','2020-08-27 23:13:28'),(43,97,'atqueBotsford.jpeg',90921,'{\"owner\":\"Kristopher Orn\"}',3,'2009-09-09 04:03:37','2020-08-27 23:13:28'),(44,60,'eumMorar.avi',46096305,'{\"owner\":\"Hudson Mayer\"}',3,'1998-10-29 01:33:58','2020-08-27 23:13:28'),(45,10,'cupiditateLarson.png',19494496,'{\"owner\":\"Felicita Rutherford\"}',2,'2018-08-05 11:47:50','2020-08-27 23:13:28'),(46,70,'repudiandaeCrona.png',8964422,'{\"owner\":\"Marjory Armstrong\"}',3,'1977-01-12 12:32:25','2020-08-27 23:13:28'),(47,20,'velitHansen.png',81340355,'{\"owner\":\"Yazmin Kuhlman\"}',2,'1975-02-17 02:24:29','2020-08-27 23:13:28'),(48,87,'rerumTillman.png',68402860,'{\"owner\":\"Emil Murazik\"}',2,'1996-05-01 21:25:37','2020-08-27 23:13:28'),(49,75,'itaqueFrami.jpeg',35860,'{\"owner\":\"Kaia Rippin\"}',2,'1989-06-17 13:09:42','2020-08-27 23:13:28'),(50,14,'exercitationemArmstrong.png',211546,'{\"owner\":\"Ewald Green\"}',3,'2005-04-26 04:19:11','2020-08-27 23:13:28'),(51,44,'etArmstrong.jpeg',97983239,'{\"owner\":\"Bernita Paucek\"}',2,'1999-01-15 13:49:37','2020-08-27 23:13:28'),(52,78,'laborumMayer.avi',618079477,'{\"owner\":\"Jamil Lynch\"}',2,'1986-09-04 18:09:39','2020-08-27 23:13:28'),(53,56,'magnamVolkman.mp4',84697621,'{\"owner\":\"Albertha Konopelski\"}',1,'1971-09-14 19:37:13','2020-08-27 23:13:28'),(54,45,'assumendaSchuster.jpeg',29528390,'{\"owner\":\"Joanny McCullough\"}',3,'1978-02-19 16:40:19','2020-08-27 23:13:28'),(55,56,'estKonopelski.jpeg',93539089,'{\"owner\":\"Albertha Konopelski\"}',1,'2013-08-11 01:57:52','2020-08-27 23:13:28'),(56,46,'eligendiKeebler.jpeg',397514,'{\"owner\":\"Gage Moore\"}',2,'2008-08-08 23:20:36','2020-08-27 23:13:28'),(57,60,'liberoHarvey.mp4',28628,'{\"owner\":\"Hudson Mayer\"}',3,'1979-07-17 19:18:33','2020-08-27 23:13:28'),(58,60,'reiciendisSenger.mp4',92951,'{\"owner\":\"Hudson Mayer\"}',2,'1990-02-20 05:00:34','2020-08-27 23:13:28'),(59,23,'teneturAufderhar.jpeg',79100278,'{\"owner\":\"Jakob Harvey\"}',3,'2000-04-21 14:42:41','2020-08-27 23:13:28'),(60,33,'nonSchiller.mp4',14874129,'{\"owner\":\"Oscar Will\"}',2,'1993-12-09 17:10:08','2020-08-27 23:13:28'),(61,94,'temporibusEmard.jpeg',37059815,'{\"owner\":\"Ruthe Cartwright\"}',3,'1971-03-10 10:30:09','2020-08-27 23:13:28'),(62,72,'liberoLarson.avi',40666692,'{\"owner\":\"Chris Hickle\"}',1,'1973-06-06 13:16:43','2020-08-27 23:13:28'),(63,77,'aspernaturMurazik.jpeg',8074,'{\"owner\":\"Jasmin Shields\"}',2,'1993-02-23 05:48:56','2020-08-27 23:13:28'),(64,69,'voluptasKulas.jpeg',92144018,'{\"owner\":\"Mary Romaguera\"}',2,'2015-05-30 09:07:25','2020-08-27 23:13:28'),(65,12,'possimusKuhic.jpeg',38710019,'{\"owner\":\"Linda Romaguera\"}',1,'1973-04-09 20:15:16','2020-08-27 23:13:28'),(66,53,'asperioresOrn.avi',17108043,'{\"owner\":\"Jairo Senger\"}',1,'2012-08-31 07:43:34','2020-08-27 23:13:28'),(67,27,'utSchulist.jpeg',69400164,'{\"owner\":\"Ellsworth Senger\"}',2,'1989-07-21 11:10:42','2020-08-27 23:13:28'),(68,76,'doloreGislason.avi',763547792,'{\"owner\":\"Marlee Crona\"}',1,'2017-04-13 15:35:27','2020-08-27 23:13:28'),(69,100,'dolorConnelly.mp4',1212189,'{\"owner\":\"Rosemary Williamson\"}',2,'2020-08-01 09:16:01','2020-08-27 23:13:28'),(70,69,'facereSchiller.png',3121,'{\"owner\":\"Mary Romaguera\"}',3,'2015-06-14 02:21:51','2020-08-27 23:13:28'),(71,46,'officiaRohan.avi',920795,'{\"owner\":\"Gage Moore\"}',1,'2016-02-20 12:55:21','2020-08-27 23:13:28'),(72,22,'asperioresTillman.jpeg',16010423,'{\"owner\":\"Joannie Abernathy\"}',2,'2013-03-17 13:16:33','2020-08-27 23:13:28'),(73,72,'maioresRogahn.mp4',242556072,'{\"owner\":\"Chris Hickle\"}',2,'2002-04-16 20:02:23','2020-08-27 23:13:28'),(74,94,'autOrn.png',95666693,'{\"owner\":\"Ruthe Cartwright\"}',2,'1970-06-29 01:24:07','2020-08-27 23:13:28'),(75,51,'quaeConnelly.png',440845,'{\"owner\":\"Ofelia Frami\"}',2,'2000-05-27 05:20:52','2020-08-27 23:13:28'),(76,75,'corruptiRomaguera.png',70122975,'{\"owner\":\"Kaia Rippin\"}',1,'2017-08-17 16:18:25','2020-08-27 23:13:28'),(77,20,'idHowell.png',63604800,'{\"owner\":\"Yazmin Kuhlman\"}',3,'1988-06-29 06:11:59','2020-08-27 23:13:28'),(78,73,'doloremSchinner.png',7645078,'{\"owner\":\"Mathilde Bosco\"}',3,'1987-05-22 04:14:47','2020-08-27 23:13:28'),(79,7,'providentKuhic.jpeg',47800,'{\"owner\":\"Johnnie Hansen\"}',2,'1977-01-05 02:43:06','2020-08-27 23:13:28'),(80,14,'facilisSatterfield.jpeg',47400995,'{\"owner\":\"Ewald Green\"}',3,'1970-06-16 14:19:14','2020-08-27 23:13:28'),(81,49,'nesciuntSchuster.jpeg',77178048,'{\"owner\":\"Allan Kuhic\"}',3,'2000-08-25 19:57:52','2020-08-27 23:13:28'),(82,1,'inRau.mp4',14059744,'{\"owner\":\"Gina Denesik\"}',3,'2010-11-30 15:46:21','2020-08-27 23:13:28'),(83,57,'voluptasGutmann.jpeg',262740570,'{\"owner\":\"Eldridge Schulist\"}',2,'1993-11-13 08:23:28','2020-08-27 23:13:28'),(84,82,'quiaReynolds.png',5573043,'{\"owner\":\"Hyman Rau\"}',2,'1998-05-31 05:07:48','2020-08-27 23:13:28'),(85,40,'inVolkman.mp4',28085741,'{\"owner\":\"Nash Heaney\"}',3,'2005-07-21 08:06:47','2020-08-27 23:13:28'),(86,51,'errorWintheiser.mp4',988266,'{\"owner\":\"Ofelia Frami\"}',2,'1980-12-21 17:28:38','2020-08-27 23:13:28'),(87,36,'iustoLittle.mp4',98239474,'{\"owner\":\"Jessica Olson\"}',2,'2012-12-29 17:30:51','2020-08-27 23:13:28'),(88,24,'etFeeney.jpeg',6930151,'{\"owner\":\"Aurelie McClure\"}',3,'2016-01-10 06:46:54','2020-08-27 23:13:28'),(89,15,'cumqueKemmer.mp4',39922336,'{\"owner\":\"Merl Hoeger\"}',3,'1994-02-11 05:21:50','2020-08-27 23:13:28'),(90,2,'expeditaQuigley.jpeg',1423,'{\"owner\":\"Vincent Goyette\"}',1,'1995-07-31 21:31:05','2020-08-27 23:13:28'),(91,65,'voluptatibusSatterfield.jpeg',78811229,'{\"owner\":\"Hildegard Keebler\"}',3,'1970-12-13 01:26:53','2020-08-27 23:13:28'),(92,17,'debitisRogahn.jpeg',74279143,'{\"owner\":\"Andre Reynolds\"}',1,'1991-07-06 02:04:34','2020-08-27 23:13:28'),(93,90,'utOlson.png',698401,'{\"owner\":\"Chyna Koepp\"}',3,'2016-05-23 10:59:17','2020-08-27 23:13:28'),(94,98,'autemMurazik.avi',643938352,'{\"owner\":\"Paris Emard\"}',1,'1996-03-28 22:13:40','2020-08-27 23:13:28'),(95,19,'nemoMann.avi',34952032,'{\"owner\":\"Alan Kilback\"}',1,'1971-09-28 09:05:04','2020-08-27 23:13:28'),(96,100,'voluptatumMohr.avi',51912732,'{\"owner\":\"Rosemary Williamson\"}',1,'2016-12-28 02:05:59','2020-08-27 23:13:28'),(97,43,'etGerhold.jpeg',76069712,'{\"owner\":\"Rodger Kunde\"}',1,'1998-06-08 04:16:45','2020-08-27 23:13:28'),(98,15,'eosRuecker.avi',6329311,'{\"owner\":\"Merl Hoeger\"}',3,'2001-11-08 14:41:05','2020-08-27 23:13:28'),(99,44,'quoShields.png',54697568,'{\"owner\":\"Bernita Paucek\"}',1,'1981-06-06 13:38:00','2020-08-27 23:13:28'),(100,76,'adipisciBernhard.avi',17739650,'{\"owner\":\"Marlee Crona\"}',1,'1981-05-25 23:46:01','2020-08-27 23:13:28');
/*!40000 ALTER TABLE `media` ENABLE KEYS */;
UNLOCK TABLES;

--
-- Table structure for table `media_types`
--

DROP TABLE IF EXISTS `media_types`;
/*!40101 SET @saved_cs_client     = @@character_set_client */;
/*!50503 SET character_set_client = utf8mb4 */;
CREATE TABLE `media_types` (
  `id` int unsigned NOT NULL AUTO_INCREMENT COMMENT 'Идентификатор строки',
  `name` varchar(255) CHARACTER SET utf8 COLLATE utf8_unicode_ci NOT NULL COMMENT 'Название типа',
  `created_at` datetime DEFAULT CURRENT_TIMESTAMP COMMENT 'Время создания строки',
  `updated_at` datetime DEFAULT CURRENT_TIMESTAMP ON UPDATE CURRENT_TIMESTAMP COMMENT 'Время обновления строки',
  PRIMARY KEY (`id`),
  UNIQUE KEY `name` (`name`)
) ENGINE=InnoDB AUTO_INCREMENT=7 DEFAULT CHARSET=utf8 COLLATE=utf8_unicode_ci COMMENT='Типы медиафайлов';
/*!40101 SET character_set_client = @saved_cs_client */;

--
-- Dumping data for table `media_types`
--

LOCK TABLES `media_types` WRITE;
/*!40000 ALTER TABLE `media_types` DISABLE KEYS */;
INSERT INTO `media_types` VALUES (1,'audio','2020-08-27 23:11:32','2020-08-27 23:11:32'),(2,'video','2020-08-27 23:11:32','2020-08-27 23:11:32'),(3,'photo','2020-08-27 23:11:32','2020-08-27 23:11:32'),(4,'Requested','2020-08-27 23:18:47','2020-08-27 23:18:47'),(5,'Confirmed','2020-08-27 23:18:47','2020-08-27 23:18:47'),(6,'Rejected','2020-08-27 23:18:47','2020-08-27 23:18:47');
/*!40000 ALTER TABLE `media_types` ENABLE KEYS */;
UNLOCK TABLES;

--
-- Table structure for table `messages`
--

DROP TABLE IF EXISTS `messages`;
/*!40101 SET @saved_cs_client     = @@character_set_client */;
/*!50503 SET character_set_client = utf8mb4 */;
CREATE TABLE `messages` (
  `id` int unsigned NOT NULL AUTO_INCREMENT COMMENT 'Идентификатор строки',
  `from_user_id` int unsigned NOT NULL COMMENT 'Ссылка на отправителя сообщения',
  `to_user_id` int unsigned NOT NULL COMMENT 'Ссылка на получателя сообщения',
  `body` text CHARACTER SET utf8 COLLATE utf8_unicode_ci NOT NULL COMMENT 'Текст сообщения',
  `is_important` tinyint(1) DEFAULT NULL COMMENT 'Признак важности',
  `is_delivered` tinyint(1) DEFAULT NULL COMMENT 'Признак доставки',
  `created_at` datetime DEFAULT CURRENT_TIMESTAMP COMMENT 'Время создания строки',
  `updated_at` datetime DEFAULT CURRENT_TIMESTAMP ON UPDATE CURRENT_TIMESTAMP COMMENT 'Время обновления строки',
  PRIMARY KEY (`id`)
) ENGINE=InnoDB AUTO_INCREMENT=101 DEFAULT CHARSET=utf8 COLLATE=utf8_unicode_ci COMMENT='Сообщения';
/*!40101 SET character_set_client = @saved_cs_client */;

--
-- Dumping data for table `messages`
--

LOCK TABLES `messages` WRITE;
/*!40000 ALTER TABLE `messages` DISABLE KEYS */;
INSERT INTO `messages` VALUES (1,93,5,'Minus necessitatibus quis libero perferendis. Veritatis id maiores vel magni sunt. Fugit ex a porro alias facere. Aliquam quia quia nihil distinctio.',0,1,'1998-09-05 13:49:21','2020-08-27 22:38:21'),(2,48,21,'Quia eaque alias molestias temporibus. Rerum voluptas culpa pariatur quae quia non. Praesentium eum nihil doloremque pariatur quis iure omnis neque. Quisquam vitae sequi et fuga libero dolorem.',0,1,'1981-02-20 04:09:47','2020-08-27 22:38:21'),(3,63,50,'Rerum et harum rerum recusandae numquam ullam in. Consequatur et dolor vel ea et dolorem omnis natus. Quam nam ea quia molestiae odio aut debitis soluta. Expedita in beatae autem qui amet laborum repellendus mollitia.',1,0,'2018-08-16 17:12:01','2020-08-27 22:38:21'),(4,63,62,'Laboriosam praesentium tempora qui totam eligendi alias tempora. Ullam qui dignissimos ad consequatur cumque. Sit numquam architecto enim corporis vero fuga autem.',0,1,'1980-11-26 08:06:55','2020-08-27 22:38:21'),(5,20,14,'Aut delectus eum facere fuga repudiandae. Molestiae quam cumque voluptate. Vel consectetur qui quas. Perferendis sequi voluptatem in possimus quisquam. Facilis consectetur praesentium et itaque veniam aliquam.',0,1,'2003-08-19 16:29:35','2020-08-27 22:38:21'),(6,11,11,'Ex neque dolores ut natus illum omnis in magnam. Magnam sed rerum ut ad beatae ut id. Voluptas placeat quae eos aut. Ab qui laudantium magni commodi fugiat soluta.',1,0,'2005-10-16 16:23:20','2020-08-27 22:38:21'),(7,24,84,'Id tenetur molestias fugit quaerat. Sequi saepe ullam distinctio consequatur consequatur praesentium aut. Amet beatae autem animi et quasi. Voluptatibus voluptas vitae ipsam consectetur ratione ea. Reiciendis earum placeat officiis illo ipsa.',0,1,'1992-05-01 03:15:44','2020-08-27 22:38:21'),(8,48,86,'Exercitationem at eveniet quae veritatis ut est voluptas. Ab adipisci id natus et velit dolorem placeat. Nobis nesciunt et et eum. Assumenda ducimus vero sed officia nesciunt sint aut.',0,1,'2014-11-26 23:37:41','2020-08-27 22:38:21'),(9,85,67,'Ad nulla id veniam corporis assumenda ducimus aliquid. Quo a et vitae voluptatem recusandae dolores quisquam. Dignissimos aut provident aut ab necessitatibus.',0,1,'1991-07-28 10:58:26','2020-08-27 22:38:21'),(10,82,7,'Suscipit et ex unde sed sequi quasi. Porro enim eius ut eius. Ipsam iste dolor voluptates. Voluptatem quaerat ducimus necessitatibus veniam ut voluptas ullam rerum. Dolorem omnis unde ducimus corporis molestias.',0,1,'1970-11-01 16:23:47','2020-08-27 22:38:21'),(11,90,28,'Ipsam excepturi non aut totam sunt dignissimos. Corrupti quas omnis ad. Aspernatur est maiores vero saepe tempore.',1,1,'1979-04-30 05:25:35','2020-08-27 22:38:21'),(12,69,61,'Ratione odit vero quisquam inventore voluptatum. Est accusamus quia impedit rerum assumenda exercitationem cumque illo. In fugit eligendi aut atque sint dolor qui et. Voluptas non amet et.',1,1,'2013-07-27 10:53:55','2020-08-27 22:38:21'),(13,99,10,'Nam corrupti reprehenderit minus qui et quasi. Nam itaque qui tempora voluptates. Consequatur et exercitationem dolorum qui ut magnam.',1,1,'1976-08-24 04:11:09','2020-08-27 22:38:21'),(14,52,30,'Voluptate cupiditate corrupti cupiditate beatae sequi eos. Voluptatibus alias natus voluptatibus rem sit omnis minima aut. Sunt placeat labore voluptas.',0,1,'1992-02-04 18:20:45','2020-08-27 22:38:21'),(15,94,81,'Quasi eius ea voluptatem culpa nihil. Ipsum voluptatem deserunt ea assumenda perferendis voluptatem.',1,0,'1985-01-17 05:57:45','2020-08-27 22:38:21'),(16,21,60,'Impedit aut dicta molestias sed in nulla. Qui expedita aut voluptas. Alias iure quia enim et. Magnam illo unde magni eveniet rerum.',1,1,'1978-05-29 06:50:01','2020-08-27 22:38:21'),(17,36,100,'Ab occaecati incidunt delectus provident facilis voluptas. Aliquam ipsum cum tempore dolor. Et reiciendis asperiores ex quia. Tempore sint aut inventore dolorem amet nostrum.',0,1,'1990-12-12 07:05:16','2020-08-27 22:38:21'),(18,90,51,'Voluptas architecto sapiente eos odit pariatur doloribus. Vero iste cumque aut. Voluptate vitae error ea qui nostrum sed.',0,1,'1978-01-10 17:19:00','2020-08-27 22:38:21'),(19,83,62,'Quia quia natus et veritatis. Culpa consequatur exercitationem fugiat earum qui ut. Corporis iure quo ut temporibus debitis fugiat assumenda aliquid.',0,1,'2004-02-14 03:58:41','2020-08-27 22:38:21'),(20,61,17,'Maiores dignissimos veritatis recusandae et et omnis. Ut repudiandae voluptatem optio aliquam ea corporis vel.',1,0,'1979-06-23 13:17:02','2020-08-27 22:38:21'),(21,4,67,'Qui inventore dignissimos aliquam consequatur tenetur dolores rerum non. Aliquam vel et quia modi aut consequatur in. Aperiam quidem nulla facilis quasi ullam ea qui. Atque neque quod totam sunt eius. A ut omnis ea vitae.',0,1,'1970-02-22 00:14:18','2020-08-27 22:38:21'),(22,24,19,'Qui distinctio autem aspernatur quas ratione qui. Aut et laudantium ratione aut nemo. Officiis ut cupiditate atque provident. Atque harum rem quisquam quos nihil dolores.',0,0,'2019-10-21 08:27:50','2020-08-27 22:38:21'),(23,23,57,'In ipsam commodi non corrupti non. Et et officia dolorem distinctio magni eum. Est qui iusto totam et. Et et alias pariatur odio aut error aut. Iure reprehenderit dolor numquam unde molestias.',0,0,'1979-12-08 21:10:13','2020-08-27 22:38:21'),(24,16,9,'Ut esse et dicta quaerat ut qui aliquam. Assumenda sequi odio illo laborum eligendi. Eveniet fuga fugiat tenetur ad nihil occaecati.',1,1,'2009-02-26 17:26:45','2020-08-27 22:38:21'),(25,94,44,'Occaecati ex cupiditate ducimus repudiandae ad qui nihil. Voluptatem non qui labore. Non qui nesciunt tempore. Fugit ea illo culpa dolores vitae nemo illo quaerat.',0,0,'1990-09-26 06:30:27','2020-08-27 22:38:21'),(26,38,59,'Quibusdam et impedit natus atque deserunt. Tempora repudiandae ratione aut dolorem. Debitis molestiae eos repellendus fugit.',0,0,'1980-08-09 09:10:33','2020-08-27 22:38:21'),(27,78,15,'Consequatur voluptatem mollitia debitis tempore quisquam molestiae eius. Et earum nemo ut nulla aspernatur quisquam. Odit voluptatem quae eos id nostrum aut est. Nemo vitae accusantium accusantium reiciendis aperiam sed.',1,1,'1996-08-13 16:11:15','2020-08-27 22:38:21'),(28,40,53,'Harum iste est soluta modi corrupti officiis. Optio eos aut laudantium eum. Mollitia repudiandae id corrupti. Dolores eos atque atque mollitia.',1,0,'1986-01-11 01:11:25','2020-08-27 22:38:21'),(29,47,75,'Repudiandae quia iusto dolorem totam. Id aut debitis est tempora itaque inventore occaecati ipsum. Qui quia ipsam velit nostrum dolor velit repellat.',1,1,'2014-07-16 10:56:02','2020-08-27 22:38:21'),(30,33,39,'Perferendis illum enim ea animi nobis perspiciatis architecto consectetur. Aliquam esse rem corrupti eius ipsam nulla. Odit dolores laudantium ullam.',0,1,'2001-10-26 00:49:38','2020-08-27 22:38:21'),(31,96,63,'Non dignissimos autem totam quo cum. In et ratione enim et. Qui et perferendis veniam omnis nisi consequatur iste. Qui enim fuga vel natus ea porro temporibus. Voluptate dolor assumenda aliquam et dolore sint facilis quia.',0,0,'2018-04-15 07:36:00','2020-08-27 22:38:21'),(32,25,36,'Architecto corrupti ut velit et non doloribus. Voluptatum mollitia aliquid autem nemo molestias et facere. Quaerat ut aperiam excepturi alias modi qui. Recusandae et architecto excepturi vel beatae.',0,0,'2012-11-28 18:07:03','2020-08-27 22:38:21'),(33,4,12,'Aspernatur quia et minima omnis. Est qui repellendus aperiam rerum soluta. Et non et natus ratione laboriosam et.',0,1,'1999-10-13 12:37:16','2020-08-27 22:38:21'),(34,46,96,'Vitae eaque est tenetur. Consequatur perspiciatis qui nostrum omnis aliquam. Aspernatur eius quia quod ullam et voluptas aspernatur.',1,1,'1976-12-22 16:38:03','2020-08-27 22:38:21'),(35,40,11,'Doloribus unde laborum aut suscipit quo et ipsa. Magni debitis et provident quibusdam quam. Fugiat voluptatem inventore earum enim magni qui. In maxime voluptatem minima repellat quas praesentium dolorum non.',0,1,'2001-05-16 05:03:08','2020-08-27 22:38:21'),(36,37,50,'Quas beatae et est suscipit omnis in minus. Nulla et incidunt vel amet. Nihil odit qui sapiente et id sit perferendis. Earum rerum non voluptates sint.',0,1,'1993-06-08 15:22:22','2020-08-27 22:38:21'),(37,38,42,'Perspiciatis sunt ea enim qui repellat et voluptas. Omnis temporibus nisi suscipit. Pariatur ullam excepturi minus ex amet labore. Deleniti enim accusantium tempore.',1,1,'1977-04-09 00:43:38','2020-08-27 22:38:21'),(38,92,35,'Voluptatem soluta nulla quia necessitatibus. Eius ut odio aut ducimus atque quidem. Repellat eligendi tempora provident recusandae ad non nam.',0,1,'1983-11-24 09:23:03','2020-08-27 22:38:21'),(39,100,93,'Quam eligendi sint nam in tempora. Aut nobis necessitatibus id deserunt debitis adipisci repellat. At eius ut harum non eos asperiores.',1,0,'2010-02-21 14:04:21','2020-08-27 22:38:21'),(40,65,46,'At dolores magni maxime. Doloremque iusto dolorem et ut. Delectus possimus ut enim asperiores corporis.',0,0,'1990-02-21 10:56:44','2020-08-27 22:38:21'),(41,36,39,'Dolores ad esse molestiae aliquid. Officia facilis doloribus pariatur ut sed debitis ipsum. Possimus sed quas numquam autem est. Accusantium quas esse qui sint quis incidunt qui.',1,0,'2012-07-24 02:54:12','2020-08-27 22:38:21'),(42,88,23,'Voluptatem cum porro soluta et ea. Quia error explicabo error ut praesentium voluptatem sit. Ea laborum non consectetur temporibus fuga autem. Omnis deleniti assumenda nisi ut enim suscipit aut.',1,0,'2016-01-06 00:15:35','2020-08-27 22:38:21'),(43,50,80,'Dignissimos aspernatur dolorem minus fugit facere voluptatem. Dolorem et veniam repudiandae cumque mollitia ipsam.',0,0,'2009-11-16 14:53:48','2020-08-27 22:38:21'),(44,49,6,'Qui quia ipsa pariatur. Earum quidem sequi tempore quo dolores.',1,0,'2001-05-04 09:39:59','2020-08-27 22:38:21'),(45,81,85,'Dignissimos perspiciatis ipsa accusamus. Fugiat dolorem ad eum culpa accusamus ullam facere. Natus et tenetur dolor libero qui. Quia rerum provident molestias voluptatibus sed voluptatem.',1,0,'1974-05-21 17:21:00','2020-08-27 22:38:21'),(46,84,62,'Ex et quae totam voluptas. Explicabo necessitatibus omnis provident totam illo autem.',1,0,'1973-06-05 18:25:00','2020-08-27 22:38:21'),(47,60,11,'Deleniti modi veniam quam vel. Optio ab quisquam quia. Occaecati blanditiis est modi non occaecati cupiditate sapiente deleniti. Occaecati harum praesentium quae odit eum.',0,0,'1997-01-21 04:00:25','2020-08-27 22:38:21'),(48,77,51,'Odit deleniti facilis sit nostrum distinctio neque ut alias. Maiores ducimus sint earum impedit ducimus laborum sint cupiditate. Quo sint aut rem necessitatibus iste.',0,0,'1981-08-29 11:50:41','2020-08-27 22:38:21'),(49,21,53,'Facilis explicabo eos sed qui voluptate unde. Sequi unde praesentium excepturi quod quaerat est. At consequatur voluptatem delectus provident. Ex voluptatem laboriosam repellat sint dolorum.',1,0,'2017-07-31 16:15:59','2020-08-27 22:38:21'),(50,3,54,'Ut perspiciatis excepturi porro sunt corrupti quibusdam amet. Dolor ut rem consequatur et magnam voluptatem eligendi. Aut amet rerum eaque repudiandae et est. Sed minus non earum tempora maiores et.',0,1,'2012-07-26 02:11:59','2020-08-27 22:38:21'),(51,62,45,'Nihil deleniti et ea voluptas animi. A in non et et cum. Voluptatum qui perferendis dicta recusandae ab id. Exercitationem nobis quas sapiente provident sit.',0,0,'1983-08-12 13:15:25','2020-08-27 22:38:21'),(52,39,58,'Harum qui quibusdam est velit alias animi tempora. Rem eaque eius maxime aut veniam. Fugit reiciendis vitae deleniti saepe culpa.',1,1,'2004-10-01 05:09:51','2020-08-27 22:38:21'),(53,74,93,'Fugiat fuga voluptatem consequatur officia. Ex illo impedit quos modi maxime dicta. Voluptatem nostrum et quos.',0,0,'2007-05-23 02:54:52','2020-08-27 22:38:21'),(54,46,49,'Placeat dolorum ut in id quos sed itaque. Dicta ex rerum voluptate et beatae repellat et.',1,1,'2014-07-06 01:40:12','2020-08-27 22:38:21'),(55,6,83,'Quo expedita quos cum voluptas dolorum modi labore optio. Non eum rerum doloribus ipsum. Ab vel sed non alias.',0,0,'1976-04-29 10:37:08','2020-08-27 22:38:21'),(56,98,39,'Consequatur qui impedit ad inventore autem cumque. Eius excepturi et nihil voluptas asperiores. Perferendis voluptate et reiciendis soluta dolore sint earum molestiae.',0,0,'1998-08-26 22:57:47','2020-08-27 22:38:21'),(57,99,79,'Voluptatem id id accusamus aut. Numquam voluptatem perspiciatis voluptatum at earum sit reprehenderit temporibus. Et rerum voluptas nihil est deleniti odio non ipsum.',0,1,'2000-09-01 12:07:18','2020-08-27 22:38:21'),(58,99,56,'Qui rerum hic ea harum quos hic. Quia hic repudiandae totam occaecati et est. Soluta ut et et sequi minima quibusdam. Similique pariatur iure sint aut. Ad quia voluptas possimus qui tenetur.',0,1,'1976-11-11 23:56:06','2020-08-27 22:38:21'),(59,83,47,'Quasi consequatur eaque corporis. Ut est aliquam aliquam dignissimos et. Atque numquam veniam itaque ex. Libero maxime mollitia tempore rerum impedit.',0,1,'2011-05-20 01:41:20','2020-08-27 22:38:21'),(60,85,85,'Est omnis et laboriosam. Et veniam dolorem nisi pariatur non repellendus ex. Aliquam pariatur quia sapiente modi fugit. Assumenda sint veniam illum sunt inventore.',1,0,'1994-05-30 11:33:04','2020-08-27 22:38:21'),(61,67,79,'Dolor qui repellendus laboriosam perspiciatis ut omnis ut iure. Sequi exercitationem et deserunt beatae labore. Dolorem incidunt voluptas consequatur alias.',0,0,'2018-12-31 00:22:25','2020-08-27 22:38:21'),(62,97,44,'Nihil sint recusandae fuga. Aut officia labore libero et distinctio asperiores. Illum officiis maiores impedit fugiat enim ut neque. Cumque mollitia suscipit est molestias.',1,1,'1985-10-08 14:40:27','2020-08-27 22:38:21'),(63,31,21,'Reiciendis necessitatibus earum et est. Explicabo rerum enim culpa veritatis non aliquid animi. Deserunt illum corrupti aspernatur itaque rerum quaerat.',0,1,'2020-01-04 14:19:49','2020-08-27 22:38:21'),(64,14,4,'Accusamus dolorem qui id. Dolores omnis vel dolorem qui. Et quisquam impedit modi fuga aut. Consequuntur facere ut pariatur.',0,0,'1978-07-23 18:25:08','2020-08-27 22:38:21'),(65,77,74,'Quos excepturi dolorum repellat expedita. Iste facere dolore debitis voluptas est vel. Voluptatem vitae voluptatem nihil assumenda inventore temporibus. Sit accusamus qui aliquid dolorem voluptas.',1,0,'1983-03-21 08:30:59','2020-08-27 22:38:21'),(66,40,76,'Vitae itaque consequatur velit voluptatem perferendis. Voluptatem vitae incidunt iste cumque. Quo in corporis minus aut beatae. Labore neque voluptatem sit animi.',1,0,'1998-01-24 12:41:33','2020-08-27 22:38:21'),(67,58,63,'Distinctio quo enim assumenda fugit delectus rerum nulla. Maxime inventore rerum aut repellat beatae. Suscipit et qui soluta et.',0,1,'1985-12-06 21:49:45','2020-08-27 22:38:21'),(68,41,15,'Ab aspernatur incidunt assumenda molestiae hic est. Quo error distinctio quaerat rerum accusamus quis error. Exercitationem id delectus exercitationem vel quia autem et. Nobis quo velit eveniet. Totam repellendus sed non ad blanditiis dolorum enim.',1,0,'2009-01-22 23:40:39','2020-08-27 22:38:21'),(69,50,6,'Esse et voluptas nobis et ut dignissimos. Ipsum unde nobis saepe nobis omnis minus. Tempore labore nemo dolor nisi quo ut et.',1,1,'1984-09-07 22:32:02','2020-08-27 22:38:21'),(70,80,83,'Odit quo temporibus debitis assumenda vitae. Repellat delectus vel necessitatibus aut et quis rem dicta. Rerum autem itaque omnis ut nihil sit sequi. Facere cum sunt suscipit nulla ut est.',0,0,'1986-09-01 22:19:35','2020-08-27 22:38:21'),(71,72,10,'Voluptates tenetur rerum est sit cupiditate id. Ex enim aut temporibus id aut.',0,1,'1987-12-30 15:32:58','2020-08-27 22:38:21'),(72,35,42,'Cum sit voluptas rerum eveniet praesentium ab et dignissimos. Maxime id ut vel illum. Minima amet doloribus et excepturi soluta. Fugit itaque id quis.',0,1,'1996-08-03 07:53:09','2020-08-27 22:38:21'),(73,7,8,'Similique adipisci sed corporis delectus atque. Et explicabo quisquam sit in. Sint dicta odit recusandae similique pariatur. Sequi cum debitis ex quo repellat.',0,1,'2008-10-23 17:58:46','2020-08-27 22:38:21'),(74,18,67,'Ipsam dolores beatae ut voluptatem omnis fugiat praesentium reiciendis. Ut id et dolorum libero laboriosam officia pariatur eos. Eius quis nihil earum. Eum harum qui vitae iure eos est corrupti.',1,0,'1991-10-13 16:52:42','2020-08-27 22:38:21'),(75,80,97,'Rerum fugiat inventore sunt asperiores minus soluta aut error. Aut veritatis quam a nam voluptas architecto perferendis. Deserunt debitis architecto temporibus voluptate officia et recusandae. Cumque incidunt sint doloribus quasi quia voluptatem.',1,1,'2008-09-16 07:05:16','2020-08-27 22:38:21'),(76,47,44,'Sequi qui enim explicabo nisi. Est minus non rerum quisquam sed quas sit reiciendis. Soluta omnis corrupti iste. Nisi officiis sed sunt eos maiores earum. Occaecati accusamus cum voluptas quia earum vel.',0,1,'1984-03-24 19:22:31','2020-08-27 22:38:21'),(77,79,60,'Voluptatum quod nostrum ut repellat fugit et. Et ab nihil vel ullam non officiis. In sunt ea quis et quos.',0,0,'1994-11-03 04:30:50','2020-08-27 22:38:21'),(78,64,38,'Ex laudantium qui voluptatem rerum quia. Et sed distinctio numquam excepturi perferendis est. Ipsa in consequatur qui ex quidem quia tenetur.',0,0,'2004-12-23 08:02:00','2020-08-27 22:38:21'),(79,99,81,'Exercitationem fugiat est nobis nesciunt corrupti ab. Non amet dolor consequatur voluptatibus ut.',0,1,'2007-06-18 01:36:28','2020-08-27 22:38:21'),(80,5,82,'Velit dolorem possimus expedita dolor. Magnam officiis blanditiis iusto molestias facere debitis.',1,1,'1999-11-10 02:48:54','2020-08-27 22:38:21'),(81,94,23,'Blanditiis aut voluptatem quis. Velit esse debitis debitis esse non aut beatae. Delectus perspiciatis sequi quos molestiae sit earum. Qui tenetur est nihil vel delectus architecto.',0,0,'2007-03-05 05:21:45','2020-08-27 22:38:21'),(82,32,92,'Perferendis minus commodi placeat ipsa. Mollitia sit et voluptatum quasi. Non aperiam perferendis deleniti neque quia.',0,0,'1981-03-01 11:59:37','2020-08-27 22:38:21'),(83,63,37,'Porro sequi quia quasi vel cumque et. Assumenda magni aut suscipit iusto aliquid dolor.',0,1,'2003-07-15 19:24:48','2020-08-27 22:38:21'),(84,96,67,'Qui et aperiam rerum ut. Amet deleniti esse et deserunt possimus qui quo. Sit nihil aut autem perferendis veritatis placeat ullam. Id ipsam suscipit quia.',1,1,'2013-10-31 18:26:55','2020-08-27 22:38:21'),(85,47,35,'Laborum numquam velit id ea consequatur. Vitae est qui id incidunt a molestiae. Quisquam qui voluptatem sed.',0,0,'2003-03-03 04:23:06','2020-08-27 22:38:21'),(86,31,50,'Quos sunt voluptas sit optio eum dolor. Doloribus eligendi beatae sit omnis ea quibusdam tenetur. Autem aut ab et laboriosam ad magni libero ut.',0,0,'2011-11-18 22:31:41','2020-08-27 22:38:21'),(87,57,33,'A omnis animi saepe qui dolores quibusdam aut. Inventore hic molestiae dolore rerum et tenetur natus minus. Delectus inventore et suscipit ullam dolores dignissimos.',1,0,'1995-10-24 15:44:22','2020-08-27 22:38:21'),(88,93,65,'Saepe ut unde excepturi asperiores aut placeat. Sapiente ipsam qui tempore ex. Facilis assumenda impedit quis qui nam. Qui qui quia incidunt totam odit reiciendis minus. Totam provident qui qui voluptas qui nulla labore.',0,0,'2015-08-26 22:23:45','2020-08-27 22:38:21'),(89,48,43,'Eos repellat labore est eligendi animi aut molestiae. Nobis quibusdam consequatur quisquam aut. Amet eligendi voluptatem minima ut facere.',1,1,'1989-04-21 19:05:51','2020-08-27 22:38:21'),(90,72,28,'Consequatur veritatis odio enim quisquam cumque repudiandae voluptatum. Quos dolor magni ipsam velit dolorem. Ut nihil error rerum quo. Atque vero atque rerum cupiditate sit et consequatur sit.',1,0,'1992-12-30 05:27:28','2020-08-27 22:38:21'),(91,26,43,'Quos optio sunt nesciunt occaecati numquam sequi magnam quam. Qui est dolore omnis hic. Possimus voluptatem eius vel odit.',0,1,'2005-12-15 20:20:59','2020-08-27 22:38:21'),(92,37,57,'Placeat soluta sed quia est. Velit minima odit occaecati harum. Enim dolores consectetur ut voluptate praesentium omnis voluptatem.',1,1,'2020-02-02 16:39:58','2020-08-27 22:38:21'),(93,74,96,'Magni a in ipsam non. Suscipit omnis molestiae aliquid dolor ipsa. Maiores quisquam eos temporibus quam. Velit dolores molestiae quia omnis dolor.',1,1,'2004-06-03 17:16:37','2020-08-27 22:38:21'),(94,59,5,'Enim quos distinctio quod quas sint. Et odio autem fugit rerum neque aliquid nesciunt culpa. Est consequatur qui voluptatibus repudiandae et.',1,0,'1975-05-24 03:17:21','2020-08-27 22:38:21'),(95,47,22,'Eligendi totam est incidunt ratione blanditiis iure. Esse suscipit iusto enim delectus. Nemo et provident accusamus rem distinctio sequi.',1,0,'2017-07-21 01:43:30','2020-08-27 22:38:21'),(96,68,72,'Dolorem eaque repellendus doloribus assumenda dolores. Sunt molestiae magnam quis excepturi. Ex facilis et inventore alias veniam odio suscipit voluptas. Aliquam excepturi sint distinctio saepe aliquam dolor debitis. Amet nihil dolorem est numquam.',0,1,'1980-03-07 10:47:17','2020-08-27 22:38:21'),(97,58,71,'Laborum nemo animi libero laborum porro modi temporibus. Voluptatibus dicta corporis illum vitae. Esse est quo quis dicta error odio.',1,0,'1978-06-21 07:25:35','2020-08-27 22:38:21'),(98,80,90,'Qui non quo vel ab. Commodi eaque labore ducimus rem corrupti sunt. Omnis ut sunt voluptatem labore non voluptatem quasi blanditiis. Ab consectetur omnis sed.',1,0,'2005-09-29 05:43:59','2020-08-27 22:38:21'),(99,6,61,'Quis blanditiis non ut. Id eum autem est tenetur praesentium aut fuga. Eaque velit molestiae nemo iure aspernatur sequi est.',1,0,'2007-01-02 19:41:18','2020-08-27 22:38:21'),(100,85,40,'Excepturi blanditiis ipsa ut voluptatem quo vero. Ea labore corrupti qui natus cum voluptatem repellendus architecto. Natus rerum facilis voluptate corporis iusto.',1,0,'1989-02-23 18:40:15','2020-08-27 22:38:21');
/*!40000 ALTER TABLE `messages` ENABLE KEYS */;
UNLOCK TABLES;

--
-- Table structure for table `profiles`
--

DROP TABLE IF EXISTS `profiles`;
/*!40101 SET @saved_cs_client     = @@character_set_client */;
/*!50503 SET character_set_client = utf8mb4 */;
CREATE TABLE `profiles` (
  `user_id` int unsigned NOT NULL COMMENT 'Ссылка на пользователя',
  `gender` char(1) CHARACTER SET utf8 COLLATE utf8_unicode_ci NOT NULL COMMENT 'Пол',
  `birthday` date DEFAULT NULL COMMENT 'Дата рождения',
  `photo_id` int unsigned DEFAULT NULL COMMENT 'Ссылка на основную фотографию пользователя',
  `city` varchar(130) CHARACTER SET utf8 COLLATE utf8_unicode_ci DEFAULT NULL COMMENT 'Город проживания',
  `country` varchar(130) CHARACTER SET utf8 COLLATE utf8_unicode_ci DEFAULT NULL COMMENT 'Страна проживания',
  `created_at` datetime DEFAULT CURRENT_TIMESTAMP COMMENT 'Время создания строки',
  `updated_at` datetime DEFAULT CURRENT_TIMESTAMP ON UPDATE CURRENT_TIMESTAMP COMMENT 'Время обновления строки',
  PRIMARY KEY (`user_id`)
) ENGINE=InnoDB DEFAULT CHARSET=utf8 COLLATE=utf8_unicode_ci COMMENT='Профили';
/*!40101 SET character_set_client = @saved_cs_client */;

--
-- Dumping data for table `profiles`
--

LOCK TABLES `profiles` WRITE;
/*!40000 ALTER TABLE `profiles` DISABLE KEYS */;
INSERT INTO `profiles` VALUES (1,'m','1973-01-16',69,'New Stephaniaview','Yemen','2016-04-13 23:07:21','2020-08-27 22:34:16'),(2,'f','2006-09-24',47,'Marvinview','Cook Islands','2017-10-08 04:28:02','2020-08-27 22:34:16'),(3,'m','2020-04-13',28,'West Nicklaus','Netherlands','2013-08-11 16:34:40','2020-08-27 22:34:16'),(4,'m','1979-09-11',96,'East Haskell','Belgium','2012-02-05 09:23:08','2020-08-27 22:34:16'),(5,'f','2010-11-13',97,'Raynortown','Vietnam','2014-04-22 17:30:30','2020-08-27 22:34:16'),(6,'m','1984-08-07',95,'Norwoodbury','Wallis and Futuna','2017-12-26 02:05:27','2020-08-27 22:34:16'),(7,'f','1995-05-10',86,'Travisfurt','Iran','2011-09-21 03:07:21','2020-08-27 22:34:16'),(8,'f','1993-11-08',45,'Elinorport','Isle of Man','2019-06-13 20:36:37','2020-08-27 22:34:16'),(9,'m','1975-06-18',67,'Darbyland','Sri Lanka','2015-09-08 05:34:16','2020-08-27 22:34:16'),(10,'f','1973-11-13',97,'Kaylieview','Norway','2015-08-28 07:55:58','2020-08-27 22:34:16'),(11,'f','1980-06-10',82,'Port Trevionhaven','Pitcairn Islands','2017-05-20 10:59:47','2020-08-27 22:34:16'),(12,'f','1980-02-18',22,'Lake Vanessa','Czech Republic','2018-04-22 12:16:31','2020-08-27 22:34:16'),(13,'m','1977-07-29',61,'North Alfredoborough','Guam','2017-04-30 03:54:32','2020-08-27 22:34:16'),(14,'m','2017-07-14',41,'Jeremyland','Switzerland','2011-09-05 13:42:59','2020-08-27 22:34:16'),(15,'m','2015-03-18',20,'Klingstad','Benin','2011-07-20 06:51:38','2020-08-27 22:34:16'),(16,'m','2009-03-20',79,'West Alenefurt','Cape Verde','2012-05-23 14:32:13','2020-08-27 22:34:16'),(17,'f','1970-10-04',31,'Karinashire','United Arab Emirates','2012-12-10 08:40:39','2020-08-27 22:34:16'),(18,'f','1980-01-12',20,'North Felipaland','Saint Barthelemy','2014-08-19 19:25:45','2020-08-27 22:34:16'),(19,'f','2010-10-06',7,'Port Mariahland','Thailand','2012-01-24 11:45:42','2020-08-27 22:34:16'),(20,'m','2013-08-20',72,'Bogisichmouth','Saint Kitts and Nevis','2014-04-02 03:49:32','2020-08-27 22:34:16'),(21,'f','1994-10-17',41,'Romagueramouth','Tuvalu','2018-01-24 13:48:27','2020-08-27 22:34:16'),(22,'f','1978-05-08',86,'Mathiasburgh','Singapore','2019-03-13 10:58:58','2020-08-27 22:34:16'),(23,'f','2004-05-30',9,'Wymanfort','New Caledonia','2015-09-25 11:41:42','2020-08-27 22:34:16'),(24,'m','2006-03-19',85,'Lake Shemarport','Cameroon','2017-05-10 21:58:17','2020-08-27 22:34:16'),(25,'f','2020-04-13',98,'Effieville','Northern Mariana Islands','2015-10-23 08:44:54','2020-08-27 22:34:16'),(26,'f','1994-05-13',33,'Willieton','Brazil','2015-01-30 23:02:42','2020-08-27 22:34:16'),(27,'f','1973-08-10',73,'North Frankie','Qatar','2012-01-31 15:16:33','2020-08-27 22:34:16'),(28,'f','1983-02-22',64,'Lake Hilton','Bahamas','2020-07-03 06:45:22','2020-08-27 22:34:16'),(29,'m','2014-12-12',99,'North Corene','Tanzania','2011-09-06 06:07:17','2020-08-27 22:34:16'),(30,'f','2019-02-07',3,'West Karlport','Gibraltar','2015-07-02 18:20:35','2020-08-27 22:34:16'),(31,'f','1984-01-06',16,'Wizatown','Uruguay','2019-01-18 02:40:00','2020-08-27 22:34:16'),(32,'m','1979-07-13',72,'South Ellieport','Cook Islands','2018-04-17 17:29:30','2020-08-27 22:34:16'),(33,'f','1986-09-09',11,'North Haydenfurt','Kazakhstan','2011-08-23 16:24:55','2020-08-27 22:34:16'),(34,'f','2014-11-12',39,'North Laverne','Antarctica (the territory South of 60 deg S)','2014-07-14 08:30:47','2020-08-27 22:34:16'),(35,'f','1980-07-06',63,'West Josie','Cocos (Keeling) Islands','2013-02-20 18:21:10','2020-08-27 22:34:16'),(36,'m','2008-02-10',98,'Gerrystad','Tokelau','2019-11-25 21:27:27','2020-08-27 22:34:16'),(37,'f','1971-07-31',99,'New Otis','Palau','2013-11-23 07:44:20','2020-08-27 22:34:16'),(38,'m','1999-04-22',1,'Kuhicland','Cayman Islands','2015-04-01 02:19:17','2020-08-27 22:34:16'),(39,'m','1978-10-20',9,'Treutelmouth','Egypt','2016-03-11 22:20:41','2020-08-27 22:34:16'),(40,'f','2008-04-24',41,'New Mariana','Lithuania','2017-04-01 15:47:39','2020-08-27 22:34:16'),(41,'f','1978-12-10',77,'Port Cooper','Kyrgyz Republic','2010-11-21 02:04:05','2020-08-27 22:34:16'),(42,'f','1988-05-21',63,'Stantonbury','Netherlands Antilles','2018-11-03 00:28:16','2020-08-27 22:34:16'),(43,'f','2014-11-29',81,'Lake Herbert','Guadeloupe','2020-06-11 19:45:43','2020-08-27 22:34:16'),(44,'m','2004-12-03',16,'Wolfffurt','Japan','2011-08-28 19:09:19','2020-08-27 22:34:16'),(45,'f','2008-06-10',38,'Vernonbury','Somalia','2015-09-27 04:39:08','2020-08-27 22:34:16'),(46,'m','2002-02-14',40,'Ashleighport','Mongolia','2011-05-25 21:04:39','2020-08-27 22:34:16'),(47,'f','1985-08-30',88,'Hageneshaven','Colombia','2013-12-13 12:32:21','2020-08-27 22:34:16'),(48,'m','2007-02-01',16,'North Davehaven','Guadeloupe','2018-10-12 12:53:48','2020-08-27 22:34:16'),(49,'f','1970-10-10',18,'East Domenico','Russian Federation','2015-04-29 20:23:28','2020-08-27 22:34:16'),(50,'m','1987-01-22',40,'Blandastad','Slovakia (Slovak Republic)','2017-03-30 00:51:12','2020-08-27 22:34:16'),(51,'m','1992-02-17',48,'West Jaydon','Bulgaria','2014-12-30 19:46:10','2020-08-27 22:34:16'),(52,'f','2020-05-27',18,'North Kaleb','Mauritania','2012-07-18 05:49:01','2020-08-27 22:34:16'),(53,'f','1988-12-03',45,'O\'Keefeport','Grenada','2011-01-31 23:07:46','2020-08-27 22:34:16'),(54,'m','1972-07-25',69,'Julioshire','Martinique','2015-07-20 21:33:13','2020-08-27 22:34:16'),(55,'f','1990-03-28',12,'Abshirehaven','Bahamas','2017-04-15 19:48:53','2020-08-27 22:34:16'),(56,'f','2010-07-21',50,'Dimitriland','Guernsey','2017-08-24 04:23:58','2020-08-27 22:34:16'),(57,'f','2001-05-29',15,'Benshire','Suriname','2016-06-09 01:00:28','2020-08-27 22:34:16'),(58,'f','1985-01-14',23,'Veldaberg','Tanzania','2012-04-12 11:18:33','2020-08-27 22:34:16'),(59,'m','1979-12-26',71,'O\'Connelltown','Antarctica (the territory South of 60 deg S)','2011-12-16 23:08:29','2020-08-27 22:34:16'),(60,'m','2000-05-06',85,'Port Adellville','New Zealand','2013-06-12 13:18:32','2020-08-27 22:34:16'),(61,'m','1986-01-09',13,'Port Marcosmouth','Martinique','2017-01-31 13:03:14','2020-08-27 22:34:16'),(62,'m','2013-10-06',7,'Quigleyville','Somalia','2012-11-08 00:51:15','2020-08-27 22:34:16'),(63,'f','2003-12-16',96,'Gertrudechester','Bulgaria','2014-06-10 07:49:33','2020-08-27 22:34:16'),(64,'f','1988-03-13',59,'Port Levi','Djibouti','2011-03-28 02:51:36','2020-08-27 22:34:16'),(65,'m','2010-10-23',8,'Lake Milesburgh','Yemen','2017-05-28 20:19:15','2020-08-27 22:34:16'),(66,'f','1977-08-21',61,'Louveniahaven','Guyana','2016-04-17 21:44:55','2020-08-27 22:34:16'),(67,'f','1971-08-06',81,'Port Kristina','Cayman Islands','2020-01-13 05:22:43','2020-08-27 22:34:16'),(68,'m','1999-05-14',21,'Heberborough','Costa Rica','2012-02-22 20:50:53','2020-08-27 22:34:16'),(69,'f','1984-12-23',63,'Linaborough','Germany','2016-04-02 07:25:15','2020-08-27 22:34:16'),(70,'m','1984-08-29',53,'Port Raul','Madagascar','2012-02-14 08:37:30','2020-08-27 22:34:16'),(71,'f','1975-02-05',73,'Dareborough','Palau','2020-01-10 04:25:28','2020-08-27 22:34:16'),(72,'m','1987-01-17',4,'Kasandrafurt','Norfolk Island','2014-04-20 02:39:33','2020-08-27 22:34:16'),(73,'m','1988-12-14',3,'East Rociofort','Anguilla','2010-09-02 00:12:58','2020-08-27 22:34:16'),(74,'m','1983-01-17',3,'Nasirville','Grenada','2017-05-17 01:58:06','2020-08-27 22:34:16'),(75,'f','1991-03-27',4,'D\'Amoreberg','Aruba','2019-09-01 04:21:35','2020-08-27 22:34:16'),(76,'m','2018-11-16',12,'Abernathyland','Cyprus','2013-10-23 22:28:35','2020-08-27 22:34:16'),(77,'m','1996-08-04',49,'Sigmundfurt','British Indian Ocean Territory (Chagos Archipelago)','2019-12-11 11:05:47','2020-08-27 22:34:16'),(78,'f','1994-09-05',6,'East Keanuview','Lebanon','2017-04-19 00:33:00','2020-08-27 22:34:16'),(79,'f','1973-01-09',82,'Emmamouth','Denmark','2016-11-24 21:32:53','2020-08-27 22:34:16'),(80,'m','1989-11-27',94,'Lilyanmouth','Guyana','2019-12-01 06:12:08','2020-08-27 22:34:16'),(81,'f','1974-11-07',22,'West Myrtice','Anguilla','2015-01-09 23:52:49','2020-08-27 22:34:16'),(82,'m','1975-04-02',27,'Erikfort','Ghana','2013-07-13 05:54:05','2020-08-27 22:34:16'),(83,'m','1972-05-27',67,'Juddfurt','Cameroon','2019-10-30 09:38:52','2020-08-27 22:34:16'),(84,'m','1994-07-29',57,'Port Esmeraldamouth','Reunion','2014-09-28 07:29:53','2020-08-27 22:34:16'),(85,'f','2013-09-26',82,'Mylesport','Sweden','2013-01-17 18:02:11','2020-08-27 22:34:16'),(86,'f','1989-07-06',37,'South Eliezerton','Philippines','2017-09-06 16:52:13','2020-08-27 22:34:16'),(87,'m','2001-09-16',40,'West Billy','Guernsey','2017-02-19 15:06:24','2020-08-27 22:34:16'),(88,'m','1977-03-15',87,'North Remingtonmouth','Papua New Guinea','2013-12-15 06:00:52','2020-08-27 22:34:16'),(89,'m','1997-04-21',14,'Larsonport','Falkland Islands (Malvinas)','2015-10-13 17:19:55','2020-08-27 22:34:16'),(90,'m','1970-04-24',10,'Johnstonmouth','Iceland','2011-08-29 01:14:09','2020-08-27 22:34:16'),(91,'f','2005-05-11',5,'East Eltonhaven','Malawi','2020-05-17 08:45:58','2020-08-27 22:34:16'),(92,'m','1992-11-15',97,'South Lamar','Italy','2020-08-05 08:52:24','2020-08-27 22:34:16'),(93,'m','2001-11-19',70,'Lake Mozell','Pitcairn Islands','2012-06-12 23:26:49','2020-08-27 22:34:16'),(94,'m','2020-02-04',56,'Port Uriah','Antarctica (the territory South of 60 deg S)','2020-01-19 08:48:26','2020-08-27 22:34:16'),(95,'f','2008-04-23',69,'Port Jarredbury','Czech Republic','2012-01-06 08:52:06','2020-08-27 22:34:16'),(96,'m','1993-03-13',77,'West Dellmouth','Ecuador','2013-06-30 01:17:38','2020-08-27 22:34:16'),(97,'m','1989-07-31',80,'East Geraldineland','Suriname','2015-12-11 14:02:23','2020-08-27 22:34:16'),(98,'m','1992-02-08',66,'Dorthyport','Rwanda','2014-01-11 15:21:41','2020-08-27 22:34:16'),(99,'m','2013-02-04',90,'Gusikowskifurt','Mauritius','2019-11-19 08:58:24','2020-08-27 22:34:16'),(100,'f','1984-06-28',53,'West Tremayneton','Burkina Faso','2012-03-22 22:41:46','2020-08-27 22:34:16');
/*!40000 ALTER TABLE `profiles` ENABLE KEYS */;
UNLOCK TABLES;

--
-- Table structure for table `users`
--

DROP TABLE IF EXISTS `users`;
/*!40101 SET @saved_cs_client     = @@character_set_client */;
/*!50503 SET character_set_client = utf8mb4 */;
CREATE TABLE `users` (
  `id` int unsigned NOT NULL AUTO_INCREMENT COMMENT 'Идентификатор строки',
  `first_name` varchar(100) CHARACTER SET utf8 COLLATE utf8_unicode_ci NOT NULL COMMENT 'Имя пользователя',
  `last_name` varchar(100) CHARACTER SET utf8 COLLATE utf8_unicode_ci NOT NULL COMMENT 'Фамилия пользователя',
  `email` varchar(100) CHARACTER SET utf8 COLLATE utf8_unicode_ci NOT NULL COMMENT 'Почта',
  `phone` varchar(100) CHARACTER SET utf8 COLLATE utf8_unicode_ci NOT NULL COMMENT 'Телефон',
  `created_at` datetime DEFAULT CURRENT_TIMESTAMP COMMENT 'Время создания строки',
  `updated_at` datetime DEFAULT CURRENT_TIMESTAMP ON UPDATE CURRENT_TIMESTAMP COMMENT 'Время обновления строки',
  PRIMARY KEY (`id`),
  UNIQUE KEY `email` (`email`),
  UNIQUE KEY `phone` (`phone`)
) ENGINE=InnoDB AUTO_INCREMENT=101 DEFAULT CHARSET=utf8 COLLATE=utf8_unicode_ci COMMENT='Пользователи';
/*!40101 SET character_set_client = @saved_cs_client */;

--
-- Dumping data for table `users`
--

LOCK TABLES `users` WRITE;
/*!40000 ALTER TABLE `users` DISABLE KEYS */;
INSERT INTO `users` VALUES (1,'Gina','Denesik','autumn64@example.org','382.825.1875','1998-09-05 13:49:21','2020-08-27 20:35:31'),(2,'Vincent','Goyette','nikki.dibbert@example.org','1-910-863-2172x70610','1981-02-20 04:09:47','2020-08-27 20:35:31'),(3,'Marcia','Smitham','may.corwin@example.org','891.961.7159x755','2018-08-16 17:12:01','2020-08-27 20:35:31'),(4,'Kamryn','Kulas','devin.schowalter@example.org','886.131.2322','1980-11-26 08:06:55','1990-11-19 15:47:29'),(5,'Krista','Mohr','xgreenholt@example.com','+83(3)1386302503','2003-08-19 16:29:35','2020-08-27 20:35:31'),(6,'Beatrice','Rempel','langosh.micaela@example.org','1-660-641-9969','2005-10-16 16:23:20','2020-08-27 20:35:31'),(7,'Johnnie','Hansen','kreiger.pierre@example.com','644.199.8455x284','1992-05-01 03:15:44','2020-08-27 20:35:31'),(8,'Ruthe','Toy','triston.pacocha@example.com','824.098.9093','2014-11-26 23:37:41','2020-08-27 20:35:31'),(9,'Destiney','Aufderhar','onolan@example.org','(906)840-7783','1991-07-28 10:58:26','2020-08-27 20:35:31'),(10,'Felicita','Rutherford','preston.schowalter@example.com','+95(6)0622865166','1970-11-01 16:23:47','1999-08-09 18:10:08'),(11,'Janice','Rogahn','rosalee56@example.org','03743175792','1979-04-30 05:25:35','1979-05-02 14:26:46'),(12,'Linda','Romaguera','qherman@example.org','1-765-776-0118','2013-07-27 10:53:55','2020-08-27 20:35:31'),(13,'Delpha','Kemmer','gerlach.nils@example.net','1-626-815-1351','1976-08-24 04:11:09','2020-08-27 20:35:31'),(14,'Ewald','Green','granville39@example.com','1-984-370-5851x85646','1992-02-04 18:20:45','2020-08-27 20:35:31'),(15,'Merl','Hoeger','wbreitenberg@example.org','(329)453-6232','1985-01-17 05:57:45','2020-03-04 11:38:08'),(16,'Tyra','Rohan','xluettgen@example.net','1-834-366-6428x15311','1978-05-29 06:50:01','2012-12-27 20:45:35'),(17,'Andre','Reynolds','hank.torp@example.com','+23(2)5176455432','1990-12-12 07:05:16','2004-06-07 20:57:37'),(18,'Aurelie','Kilback','bruen.eloise@example.org','1-147-623-0264','1978-01-10 17:19:00','2005-05-07 05:49:20'),(19,'Alan','Kilback','pcrooks@example.net','(984)772-3590','2004-02-14 03:58:41','2020-08-27 20:35:31'),(20,'Yazmin','Kuhlman','adams.francisca@example.net','1-265-600-7300x79466','1979-06-23 13:17:02','1980-07-18 00:17:32'),(21,'Sienna','Legros','yundt.meta@example.com','(160)760-0133x61937','1970-02-22 00:14:18','1997-06-08 18:02:29'),(22,'Joannie','Abernathy','erdman.abigayle@example.net','894.961.0563','2019-10-21 08:27:50','2020-08-27 20:35:31'),(23,'Jakob','Harvey','armstrong.christop@example.com','1-821-653-2100x7044','1979-12-08 21:10:13','1991-11-08 18:09:44'),(24,'Aurelie','McClure','heidenreich.lonny@example.com','787.801.5240','2009-02-26 17:26:45','2011-09-07 23:09:51'),(25,'Lou','Bergstrom','blanda.russ@example.org','1-243-156-2867','1990-09-26 06:30:27','2004-03-17 16:07:31'),(26,'Watson','Kuhic','qemard@example.com','186.277.4823','1980-08-09 09:10:33','2020-08-27 20:35:31'),(27,'Ellsworth','Senger','rarmstrong@example.net','1-413-191-6218x52573','1996-08-13 16:11:15','2010-04-23 03:33:19'),(28,'Hassie','Howell','loma.ullrich@example.com','528-523-8554','1986-01-11 01:11:25','1999-03-06 16:12:15'),(29,'Annamarie','Dooley','corwin.ora@example.net','1-409-380-6822x237','2014-07-16 10:56:02','2020-08-27 20:35:31'),(30,'Ofelia','Satterfield','crooks.hudson@example.net','1-960-280-4732x02577','2001-10-26 00:49:38','2020-08-27 20:35:31'),(31,'Antonietta','Zulauf','jaida.hansen@example.com','499.087.7161','2018-04-15 07:36:00','2019-04-24 01:23:18'),(32,'Jed','Olson','jamison72@example.org','011.982.6267','2012-11-28 18:07:03','2020-08-27 20:35:31'),(33,'Oscar','Will','runolfsson.lisandro@example.com','(580)711-3847','1999-10-13 12:37:16','2020-08-27 20:35:31'),(34,'Herta','Morar','reichel.maeve@example.com','+53(1)7667468071','1976-12-22 16:38:03','1990-11-02 12:16:15'),(35,'Milford','Kassulke','haley.israel@example.com','498.392.6598x82985','2001-05-16 05:03:08','2020-08-27 20:35:31'),(36,'Jessica','Olson','tomasa.turcotte@example.net','592-850-9251x80161','1993-06-08 15:22:22','2009-01-19 07:13:00'),(37,'Beryl','Feeney','blick.esta@example.net','(330)734-9151','1977-04-09 00:43:38','2001-08-28 21:16:54'),(38,'Destiny','Gutmann','sgreenholt@example.org','1-255-751-4797','1983-11-24 09:23:03','1993-07-20 19:44:28'),(39,'Minnie','Braun','makayla14@example.net','223.888.3729x1448','2010-02-21 14:04:21','2020-08-27 20:35:31'),(40,'Nash','Heaney','marcelino43@example.com','1-802-710-1986','1990-02-21 10:56:44','2020-08-27 20:35:31'),(41,'Judson','Bernhard','stanford48@example.org','401-398-9219x713','2012-07-24 02:54:12','2017-04-19 14:05:34'),(42,'Jeffry','Padberg','werner.walsh@example.org','(433)355-0375x4589','2016-01-06 00:15:35','2018-06-30 01:33:40'),(43,'Rodger','Kunde','agerlach@example.com','1-151-511-9211x441','2009-11-16 14:53:48','2020-08-27 20:35:31'),(44,'Bernita','Paucek','zrice@example.com','(821)785-2251x075','2001-05-04 09:39:59','2020-08-27 20:35:31'),(45,'Joanny','McCullough','kub.pattie@example.com','+82(5)9754305778','1974-05-21 17:21:00','1998-05-04 11:45:17'),(46,'Gage','Moore','abraham.volkman@example.com','1-812-879-9484','1973-06-05 18:25:00','1991-04-09 07:22:57'),(47,'Monte','Murphy','jacklyn16@example.net','03255159087','1997-01-21 04:00:25','2020-08-27 20:35:31'),(48,'Leonor','Schiller','hudson.brisa@example.net','386.387.0869x64414','1981-08-29 11:50:41','2010-04-03 07:39:20'),(49,'Allan','Kuhic','ecarroll@example.net','03095524960','2017-07-31 16:15:59','2020-08-27 20:35:31'),(50,'Alexandra','Marvin','boris.bechtelar@example.net','277-821-4681x178','2012-07-26 02:11:59','2020-08-27 20:35:31'),(51,'Ofelia','Frami','gcrona@example.net','532-910-8823','1983-08-12 13:15:25','1987-01-18 03:42:28'),(52,'Keanu','Feeney','jermaine.bogan@example.com','632.531.5050x508','2004-10-01 05:09:51','2020-08-27 20:35:31'),(53,'Jairo','Senger','vterry@example.com','1-170-516-5597','2007-05-23 02:54:52','2020-08-27 20:35:31'),(54,'Holly','Mann','tyrel84@example.org','213.530.8628','2014-07-06 01:40:12','2020-08-27 20:35:31'),(55,'Gregory','Gutkowski','wspencer@example.com','441-362-5119x27147','1976-04-29 10:37:08','2018-10-28 06:20:16'),(56,'Albertha','Konopelski','salvatore.ritchie@example.com','(644)406-6797','1998-08-26 22:57:47','2020-08-27 20:35:31'),(57,'Eldridge','Schulist','vmraz@example.net','(938)520-5663','2000-09-01 12:07:18','2020-08-27 20:35:31'),(58,'Chaya','Little','katelynn.erdman@example.net','07177004297','1976-11-11 23:56:06','2009-02-12 01:12:06'),(59,'Nelson','O\'Conner','justus14@example.net','494.772.6926x7441','2011-05-20 01:41:20','2012-08-31 19:00:32'),(60,'Hudson','Mayer','lowe.durward@example.com','09063148922','1994-05-30 11:33:04','2020-08-27 20:35:31'),(61,'Cathrine','Bergnaum','earnestine97@example.com','1-772-196-1254x1843','2018-12-31 00:22:25','2020-08-27 20:35:31'),(62,'Lamont','Kub','jeffry.goodwin@example.org','+08(9)1684132009','1985-10-08 14:40:27','2000-02-24 17:16:05'),(63,'Jadon','Volkman','demetris73@example.com','046-468-9000x274','2020-01-04 14:19:49','2020-08-27 20:35:31'),(64,'Rogelio','Ruecker','vwelch@example.net','979-226-5103x73716','1978-07-23 18:25:08','1989-12-13 06:18:16'),(65,'Hildegard','Keebler','kweissnat@example.com','(743)503-4852x060','1983-03-21 08:30:59','1994-08-15 03:18:11'),(66,'Margaret','Howe','beffertz@example.com','698.448.0772','1998-01-24 12:41:33','2020-08-27 20:35:31'),(67,'Marie','Larson','dorothea.gaylord@example.net','714-365-7170','1985-12-06 21:49:45','2000-08-21 14:01:25'),(68,'Eli','Nicolas','alicia.zulauf@example.net','1-037-570-8423x84143','2009-01-22 23:40:39','2014-09-15 19:16:09'),(69,'Mary','Romaguera','vonrueden.pablo@example.net','(222)506-4662x9121','1984-09-07 22:32:02','2018-03-28 00:35:45'),(70,'Marjory','Armstrong','kschaden@example.com','558.878.6320','1986-09-01 22:19:35','1993-10-25 08:25:03'),(71,'Emerson','Botsford','pbednar@example.org','+17(7)3893275416','1987-12-30 15:32:58','2015-06-25 20:16:43'),(72,'Chris','Hickle','yquitzon@example.com','1-521-297-2514x67937','1996-08-03 07:53:09','2020-08-27 20:35:31'),(73,'Mathilde','Bosco','arno.breitenberg@example.net','01799657739','2008-10-23 17:58:46','2020-08-27 20:35:31'),(74,'Jordane','Quigley','wspinka@example.net','(340)417-9263x22753','1991-10-13 16:52:42','2020-08-27 20:35:31'),(75,'Kaia','Rippin','marvin.terrance@example.org','069-307-6474x9817','2008-09-16 07:05:16','2019-04-29 08:26:41'),(76,'Marlee','Crona','cruz70@example.org','1-900-016-9004x58902','1984-03-24 19:22:31','2020-04-21 07:37:54'),(77,'Jasmin','Shields','eulah19@example.org','1-260-198-0937','1994-11-03 04:30:50','2000-07-08 18:16:29'),(78,'Jamil','Lynch','timothy.batz@example.org','1-615-166-9489x618','2004-12-23 08:02:00','2020-06-18 03:02:42'),(79,'Saige','Gislason','dare.august@example.net','(906)623-8773x44727','2007-06-18 01:36:28','2020-08-27 20:35:31'),(80,'Melyssa','Smitham','arne93@example.net','871-883-9147x3572','1999-11-10 02:48:54','2020-08-27 20:35:31'),(81,'Ricardo','Gerhold','fwilkinson@example.com','131.675.5094','2007-03-05 05:21:45','2020-08-27 20:35:31'),(82,'Hyman','Rau','ko\'keefe@example.org','(454)608-3062x0442','1981-03-01 11:59:37','2020-08-27 20:35:31'),(83,'Johathan','Stiedemann','jones.moriah@example.org','(214)756-1645','2003-07-15 19:24:48','2020-08-27 20:35:31'),(84,'Thalia','Tillman','annalise.ruecker@example.org','(464)215-0306x0247','2013-10-31 18:26:55','2020-08-27 20:35:31'),(85,'Esther','O\'Conner','sbeatty@example.com','1-462-783-5796','2003-03-03 04:23:06','2020-08-27 20:35:31'),(86,'Francesca','Schinner','powlowski.eveline@example.org','(343)515-4184x385','2011-11-18 22:31:41','2020-08-27 20:35:31'),(87,'Emil','Murazik','knolan@example.org','(730)551-1320x9448','1995-10-24 15:44:22','2020-08-27 20:35:31'),(88,'Itzel','Kuphal','bernier.esta@example.org','1-419-884-9349x324','2015-08-26 22:23:45','2020-08-27 20:35:31'),(89,'Sammy','Wisoky','percy50@example.net','+24(2)2260045555','1989-04-21 19:05:51','2012-03-23 07:42:59'),(90,'Chyna','Koepp','rpollich@example.com','(050)046-4553x71646','1992-12-30 05:27:28','2020-08-27 20:35:31'),(91,'Bertrand','Ledner','karelle.fritsch@example.org','(492)871-3817x7607','2005-12-15 20:20:59','2020-08-27 20:35:31'),(92,'Meagan','Kerluke','jtremblay@example.org','(648)820-9524','2020-02-02 16:39:58','2020-08-27 20:35:31'),(93,'Ivy','Wintheiser','agulgowski@example.com','+68(4)8393534923','2004-06-03 17:16:37','2018-07-31 13:23:24'),(94,'Ruthe','Cartwright','buckridge.kailee@example.net','+96(9)0735880850','1975-05-24 03:17:21','2003-07-06 14:55:06'),(95,'Joanne','Swift','mschowalter@example.org','630-483-3563','2017-07-21 01:43:30','2020-08-27 20:35:31'),(96,'Joan','Connelly','lmiller@example.net','1-557-168-9772','1980-03-07 10:47:17','1994-10-18 10:59:18'),(97,'Kristopher','Orn','ephraim77@example.net','596.428.0278x1555','1978-06-21 07:25:35','2018-11-08 11:24:08'),(98,'Paris','Emard','ilockman@example.com','(504)467-3622x0917','2005-09-29 05:43:59','2020-08-27 20:35:31'),(99,'Keenan','Schuster','karlee.tillman@example.com','1-750-874-6929','2007-01-02 19:41:18','2020-08-27 20:35:31'),(100,'Rosemary','Williamson','wboehm@example.com','961-483-5292x1931','1989-02-23 18:40:15','2020-08-27 20:35:31');
/*!40000 ALTER TABLE `users` ENABLE KEYS */;
UNLOCK TABLES;
/*!40103 SET TIME_ZONE=@OLD_TIME_ZONE */;

/*!40101 SET SQL_MODE=@OLD_SQL_MODE */;
/*!40014 SET FOREIGN_KEY_CHECKS=@OLD_FOREIGN_KEY_CHECKS */;
/*!40014 SET UNIQUE_CHECKS=@OLD_UNIQUE_CHECKS */;
/*!40101 SET CHARACTER_SET_CLIENT=@OLD_CHARACTER_SET_CLIENT */;
/*!40101 SET CHARACTER_SET_RESULTS=@OLD_CHARACTER_SET_RESULTS */;
/*!40101 SET COLLATION_CONNECTION=@OLD_COLLATION_CONNECTION */;
/*!40111 SET SQL_NOTES=@OLD_SQL_NOTES */;

-- Dump completed on 2020-08-27 23:33:58
